X,Y,OBJECTID,CODIGO_ESTACAO,ANO,UF,AMBIENTE,ENTIDADE_RESPONSAVEL,CORPO_DAGUA
-56.725556,-17.311111,1,00MS22CB2156,2004,MS,1,IMASUL,Rio Cuiabá
-56.720833,-17.301667,2,00MS22CB2158,2004,MS,1,IMASUL,Rio Cuiabá
-54.734444,-19.2575,3,00MS22CX0266,2004,MS,1,IMASUL,Rio Coxim
-54.760556,-18.499167,4,00MS22CX2000,2004,MS,1,IMASUL,Rio Coxim
-54.187222,-19.345556,5,00MS22CX2176,2004,MS,1,IMASUL,Rio Coxim
-56.715,-17.322222,6,00MS22IT2000,2004,MS,1,IMASUL,Rio Itiquira
-55.607222,-17.369167,7,00MS22IT2232,2004,MS,1,IMASUL,Rio Itiquira
-55.602778,-17.366667,8,00MS22IT2234,2004,MS,1,IMASUL,Rio Itiquira
-57.573333,-19.005278,9,00MS22PA2135,2004,MS,1,IMASUL,Rio Paraguai
-57.605,-19,10,00MS22PA2140,2004,MS,1,IMASUL,Rio Pargauai
-57.660278,-18.993333,11,00MS22PA2145,2004,MS,1,IMASUL,Rio Paraguai
-57.489167,-18.043611,12,00MS22PA2214,2004,MS,1,IMASUL,Rio Paraguai
-57.466111,-17.890556,13,00MS22PA2366,2004,MS,1,IMASUL,Rio Paraguai
-54.929167,-18.946389,14,00MS22RV0020,2004,MS,1,IMASUL,Rio Verde
-54.826667,-18.890833,15,00MS22RV2008,2004,MS,1,IMASUL,Rio Verde
-57.668056,-18.994722,16,00MS22TG2000,2004,MS,1,IMASUL,Canal do Tamengo
-54.753333,-18.515833,17,00MS22TM2000,2004,MS,1,IMASUL,Rio Taquari-Mirim
-57.226667,-19.234167,18,00MS22TQ2000,2004,MS,1,IMASUL,Rio Taquari
-54.769444,-18.481667,19,00MS22TQ2441,2004,MS,1,IMASUL,Rio Taquari
-54.606389,-18.358611,20,00MS22TQ2481,2004,MS,1,IMASUL,Rio Taquari
-55.834167,-20.463056,21,00MS23AC2000,2004,MS,1,IMASUL,Córrego Agogô
-55.849444,-20.507222,22,00MS23AC2006,2004,MS,1,IMASUL,Córrego Agogô
-54.694167,-19.347222,23,00MS23AQ0575,2004,MS,1,IMASUL,Rio Aquidauana
-55.088056,-20.155278,24,00MS23AQ1424,2004,MS,1,IMASUL,Rio Aquidauana
-54.895278,-19.950278,25,00MS23AQ1476,2004,MS,1,IMASUL,Rio Aquidauana
-56.804167,-19.793611,26,00MS23AQ2000,2004,MS,1,IMASUL,Rio Aquidauana
-55.831389,-20.462222,27,00MS23AQ2284,2004,MS,1,IMASUL,Rio Aquidauana
-55.779722,-20.495833,28,00MS23AQ2291,2004,MS,1,IMASUL,Rio Aquidauana
-56.426944,-21.149167,29,00MS23BO2000,2004,MS,1,IMASUL,Córrego Bonito
-56.461667,-21.126667,30,00MS23BO2008,2004,MS,1,IMASUL,Córrego Bonito
-56.488889,-21.138056,31,00MS23BO2014,2004,MS,1,IMASUL,Córrego Bonito
-55.272222,-20.4775,32,00MS23CH2018,2004,MS,1,IMASUL,Rio Cachoeirão
-55.110556,-20.640833,33,00MS23CN2002,2004,MS,1,IMASUL,Rio Canastrão
-56.444167,-21.173056,34,00MS23FO0065,2004,MS,1,IMASUL,Rio Formoso
-56.509722,-21.236389,35,00MS23FO0073,2004,MS,1,IMASUL,Rio Formoso
-56.228056,-21.098611,36,00MS23FO2000,2004,MS,1,IMASUL,Rio Formos
-56.387222,-21.122222,37,00MS23FO2047,2004,MS,1,IMASUL,Rio Formoso
-56.1203,-21.4831,38,00MS23MI0602,2004,MS,1,IMASUL,Rio Miranda
-56.399167,-20.240833,39,00MS23MI1292,2004,MS,1,IMASUL,Rio Miranda
-41.678333,-21.133056,40,00RJ02IT0100,2004,RJ,1,INEA,Rio Itabapoana
-41.40695,-21.651536,41,00RJ02MR0370,2004,RJ,1,INEA,Rio Muriaé
-42.124289,-21.204164,42,00RJ02MR0374,2004,RJ,1,INEA,Rio Muriaé
-41.994017,-22.726675,43,00RJ02NG0353,2004,RJ,1,INEA,Rio Negro
-43.182539,-22.503911,44,00RJ02PB0002,2004,RJ,1,INEA,Rio Piabanha
-43.143986,-22.126539,45,00RJ02PB0011,2004,RJ,1,INEA,Rio Piabanha
-43.826911,-22.467708,46,00RJ02PI0241,2004,RJ,1,INEA,Rio Piraí
-42.177028,-21.549392,47,00RJ02PM0331,2004,RJ,1,INEA,Rio Pomba
-42.2516,-21.494647,48,00RJ02PM0332,2004,RJ,1,INEA,Rio Pomba
-44.403303,-22.456272,49,00RJ02PP0160,2004,RJ,1,INEA,Rio Pirapetinga
-43.940317,-22.349867,50,00RJ02PQ0113,2004,RJ,1,INEA,Rio Paquequer
-43.914875,-22.248744,51,00RJ02PR0091,2004,RJ,1,INEA,Rio Preto
-44.568494,-22.529033,52,00RJ02PS0410,2004,RJ,2,INEA,Rio Paraíba do Sul
-44.447925,-22.466897,53,00RJ02PS0413,2004,RJ,1,INEA,Rio Paraíba do Sul
-44.300378,-22.450469,54,00RJ02PS0415,2004,RJ,1,INEA,Rio Paraíba do Sul
-44.189953,-22.525772,55,00RJ02PS0418,2004,RJ,1,INEA,Rio Paraíba do Sul
-44.133203,-22.519969,56,00RJ02PS0419,2004,RJ,1,INEA,Rio Paraíba do Sul
-44.063019,-22.47845,57,00RJ02PS0421,2004,RJ,1,INEA,Rio Paraíba do Sul
-43.934578,-22.499031,58,00RJ02PS0423,2004,RJ,1,INEA,Informação não disponível
-43.827594,-22.464981,59,00RJ02PS0425,2004,RJ,1,INEA,Rio Paraíba do Sul
-43.169419,-22.105022,60,00RJ02PS0430,2004,RJ,1,INEA,Rio Paraíba do Sul
-42.909986,-21.990964,61,00RJ02PS0432,2004,RJ,1,INEA,Rio Paraíba do Sul
-42.082964,-21.666458,62,00RJ02PS0434,2004,RJ,1,INEA,Informação não disponível
-41.745833,-21.643333,63,00RJ02PS0439,2004,RJ,1,INEA,Informação não disponível
-41.330556,-21.744444,64,00RJ02PS0441,2004,RJ,1,INEA,Informação não disponível
-42.360164,-22.712392,65,00RJ05BC0002,2004,RJ,1,INEA,Rio Bacaxá
-42.400175,-22.642692,66,00RJ05CP0002,2004,RJ,1,INEA,Rio Capivari
-42.363825,-22.564714,67,00RJ05SJ0003,2004,RJ,1,INEA,Rio São João
-42.266606,-22.587844,68,00RJ05SJ0012,2004,RJ,1,INEA,Rio São João
-42.021417,-22.717719,69,00RJ06UN0100,2004,RJ,1,INEA,Rio Una
-43.351111,-22.822583,70,00RJ10AC0241,2004,RJ,1,INEA,Rio Acarí
-43.010756,-22.839311,71,00RJ10AN0740,2004,RJ,1,INEA,Rio Alcântara
-43.102569,-22.855397,72,00RJ10BM0760,2004,RJ,1,INEA,Rio Bomba
-43.411572,-22.736511,73,00RJ10BT0100,2004,RJ,1,INEA,Rio da Bota
-42.953397,-22.713117,74,00RJ10CC0622,2004,RJ,1,INEA,Rio Cacerebú
-42.725847,-22.727233,75,00RJ10CC0625,2004,RJ,1,INEA,Rio Caceribu
-42.668317,-22.669861,76,00RJ10CC0630,2004,RJ,1,INEA,Rio Caceribu
-43.239331,-22.879956,77,00RJ10CN0100,2004,RJ,1,INEA,Informação não disponível
-43.218411,-22.708722,78,00RJ10ES0400,2004,RJ,1,INEA,Rio Estrela
-43.267594,-22.8728,79,00RJ10FR0142,2004,RJ,1,INEA,Rio Farias
-42.973747,-22.676067,80,00RJ10GP0600,2004,RJ,1,INEA,Rio Guapi
-42.9506,-22.684108,81,00RJ10GP0601,2004,RJ,1,INEA,Rio Guapi
-42.972719,-22.786928,82,00RJ10GX0720,2004,RJ,1,INEA,Rio Guaxindiba
-43.365253,-22.685089,83,00RJ10IA0250,2004,RJ,1,INEA,Rio Iguaçu
-43.288986,-22.725142,84,00RJ10IA0260,2004,RJ,1,INEA,Rio Iguaçu
-43.259986,-22.733897,85,00RJ10IA0261,2004,RJ,1,INEA,Rio Iguaçu
-43.248336,-22.745639,86,00RJ10IA0262,2004,RJ,1,INEA,Rio Iguaçu
-43.058136,-22.803053,87,00RJ10IB0810,2004,RJ,1,INEA,Rio Imboassu
-43.285069,-22.818342,88,00RJ10IJ0200,2004,RJ,1,INEA,Rio Irajá
-43.154839,-22.624358,89,00RJ10IN0450,2004,RJ,1,INEA,Rio Inhomirim
-43.175128,-22.649439,90,00RJ10IN0460,2004,RJ,1,INEA,Rio Inhomirim
-43.077839,-22.657983,91,00RJ10IR0540,2004,RJ,1,INEA,Rio Iriri
-42.620383,-22.418714,92,00RJ10MC0965,2004,RJ,1,INEA,Rio Macacu
-43.693914,-22.560794,93,00RJ10MC0967,2004,RJ,1,INEA,Rio Macacu
-43.040178,-22.663644,94,00RJ10MG0580,2004,RJ,1,INEA,Rio Magé
-43.210194,-22.900192,95,00RJ10MN0000,2004,RJ,1,INEA,Informação não disponível
-43.283292,-22.819575,96,00RJ10PN0180,2004,RJ,1,INEA,Informação não disponível
-43.3668,-22.804683,97,00RJ10PV0981,2004,RJ,1,INEA,Rio Pavuna
-43.050928,-22.659644,98,00RJ10RN0560,2004,RJ,1,INEA,Rio Roncador
-42.983208,-22.548617,99,00RJ10SB0998,2004,RJ,1,INEA,Rio Soberbo
-43.251103,-22.659856,100,00RJ10SC0420,2004,RJ,1,INEA,Rio Saracuruna
-43.290097,-22.802586,101,00RJ10SJ0220,2004,RJ,1,INEA,Rio São João de Meriti
-43.287639,-22.746306,102,00RJ10SP0300,2004,RJ,1,INEA,Informação não disponível
-43.397289,-22.777872,103,00RJ10SP0305,2004,RJ,1,INEA,Rio Sarapuí
-43.283347,-22.644056,104,00RJ10SR0400,2004,RJ,1,INEA,Informação não disponível
-43.118972,-22.657619,105,00RJ10SR0500,2004,RJ,1,INEA,Rio Suruí
-43.596703,-22.782836,106,00RJ12CU0650,2004,RJ,1,INEA,Rio Cabuçu
-43.545094,-22.992214,107,00RJ12EN0670,2004,RJ,1,INEA,Rio E. Novo
-43.6762,-22.872697,108,00RJ12GM0180,2004,RJ,1,INEA,Rio Guandu mirim
-43.627286,-22.809369,109,00RJ12GN0200,2004,RJ,2,INEA,Rio Guandu
-43.664219,-22.6572,110,00RJ12GN0201,2004,RJ,1,INEA,Rio Guandu
-43.753758,-22.889189,111,00RJ12GR0100,2004,RJ,1,INEA,Rio da Guarda
-43.591486,-22.787781,112,00RJ12IR0251,2004,RJ,1,INEA,Rio Ipiranga
-43.695756,-22.909481,113,00RJ12IT0040,2004,RJ,1,INEA,Canal do Itá
-43.816664,-22.682353,114,00RJ12LG0350,2004,RJ,1,INEA,Ribeirão das Lages
-43.784286,-22.692153,115,00RJ12LG0351,2004,RJ,1,INEA,Ribeirão das Lages
-43.703344,-22.628125,116,00RJ12MC0410,2004,RJ,1,INEA,Rio Macaco
-43.629519,-22.729258,117,00RJ12PO0290,2004,RJ,1,INEA,Rio dos Poços
-57.338056,-19.421389,118,00MS23MI2000,2004,MS,1,IMASUL,Rio Miranda
-56.815,-19.783333,119,00MS23MI2147,2004,MS,1,IMASUL,Rio Miranda
-56.815,-19.789167,120,00MS23MI2148,2004,MS,1,IMASUL,Rio Miranda
-56.09,-20.763333,121,00MS23MI2444,2004,MS,1,IMASUL,Rio Miranda
-56.1294,-21.4667,122,00MS23MI2601,2004,MS,1,IMASUL,Rio Miranda
-56.476389,-21.127222,123,00MS23RE2000,2004,MS,1,IMASUL,Córrego Restinga
-56.493611,-20.214722,124,00MS23SA2001,2004,MS,1,IMASUL,Rio Salobra
-56.460833,-21.126667,125,00MS23SD2000,2004,MS,1,IMASUL,Córrego Saladeiro
-57.055833,-19.285278,126,00MS24NE2008,2004,MS,1,IMASUL,Rio Negro
-56.3375,-19.605833,127,00MS24NE2127,2004,MS,1,IMASUL,Rio Negro
-56.093611,-19.588333,128,00MS24NE2174,2004,MS,1,IMASUL,Rio Negro
-55.9575,-19.655278,129,00MS24NE2202,2004,MS,1,IMASUL,Rio Negro
-55.024167,-19.356111,130,00MS24NE2435,2004,MS,1,IMASUL,Rio Negro
-55.044722,-19.489722,131,00MS24NE2461,2004,MS,1,IMASUL,Rio Negro
-57.840278,-20.933056,132,00MS25NA1000,2004,MS,1,IMASUL,Rio Nabileque
-57.604722,-20.573333,133,00MS25NA1068,2004,MS,1,IMASUL,Rio Nabileque
-54.7906,-22.3117,134,00MS13AB2020,2004,MS,1,IMASUL,córrego Água Boa
-54.790722,-22.312361,135,00MS13AB2021,2004,MS,1,IMASUL,Córrego Água Boa
-57.849722,-21.104444,136,00MS25NA2024,2004,MS,1,IMASUL,Rio Paraguai
-57.829722,-19.926111,137,00MS25NA2207,2004,MS,1,IMASUL,Rio Paraguai
-57.5325,-19.728611,138,00MS25PA2271,2004,MS,1,IMASUL,Rio Nabileque
-57.981926,-22.08429,139,00MS26AP2000,2004,MS,1,IMASUL,Rio Apa
-57.061111,-22.233889,140,00MS26AP2161,2004,MS,1,IMASUL,Rio Apa
-56.528056,-22.130833,141,00MS26AP2273,2004,MS,1,IMASUL,Rio Apa
-56.515833,-22.105833,142,00MS26AP2276,2004,MS,1,IMASUL,Rio Apa
-57.989291,-22.087256,143,00MS26PA2000,2004,MS,1,IMASUL,Rio Paraguai
-57.907222,-21.716389,144,00MS26PA2060,2004,MS,1,IMASUL,Rio Paraguai
-54.124722,-17.621944,145,00MS26PQ2000,2004,MS,1,IMASUL,Rio Piquiri
-54.5611,-20.4514,146,00MSDB0074,2004,MS,1,IMASUL,Córrego Desbarrancado
-54.5593,-20.4546,147,00MSJP0038,2004,MS,1,IMASUL,Córrego Joaquim Português
-54.5792,-20.4548,148,00MSPR2005,2004,MS,1,IMASUL,Córrego Prosa
-54.5568,-20.4531,149,00MSPR2006,2004,MS,1,IMASUL,Córrego Prosa
-54.5651,-20.4524,150,00MSPR2007,2004,MS,1,IMASUL,Córrego Prosa
-44.648053,-22.494356,151,00RJ02AB0155,2004,RJ,1,INEA,Córrego Água Branca
-42.514169,-22.2218,152,00RJ02BG0366,2004,RJ,1,INEA,Rio Bengala
-44.196647,-22.518814,153,00RJ02BN0180,2004,RJ,1,INEA,Rio Bananal
-41.936447,-21.184661,154,00RJ02CR0020,2004,RJ,1,INEA,Rio Carangola
-41.825272,-21.619292,155,00RJ02DR0350,2004,RJ,1,INEA,Rio Dois Rios
-42.571575,-22.219061,156,00RJ02GR0361,2004,RJ,1,INEA,Rio Grande
-54.521306,-22.355722,157,00MS13DR2102,2004,MS,1,IMASUL,Rio Dourados
-53.394222,-22.279306,158,00MS13BL2050,2004,MS,1,IMASUL,Córrego do Baile
-53.393667,-22.278472,159,00MS13BL2051,2004,MS,1,IMASUL,Córrego do Baile
-54.218306,-21.979,160,00MS13DR2000,2004,MS,1,IMASUL,Rio Dourados
-53.393028,-22.277778,161,00MS13BL2052,2004,MS,1,IMASUL,Córrego do Baile
-54.4946,-21.9313,162,00MS13BR2080,2004,MS,1,IMASUL,Rio Brilhante
-54.647,-21.932972,163,00MS13BR2128,2004,MS,1,IMASUL,Rio Brilhante
-55.1592,-21.4832,164,00MS13BR2267,2004,MS,1,IMASUL,Rio Brilhante
-54.523583,-22.403278,165,00MS13DR2106,2004,MS,1,IMASUL,Rio Dourados
-54.7833,-22.4017,166,00MS13DR2150,2004,MS,1,IMASUL,Rio Dourados
-54.8412,-22.2316,167,00MS13AB0019,2004,MS,1,IMASUL,Córrego Água Boa
-54.7827,-22.3993,168,00MS13AB2000,2004,MS,1,IMASUL,Córrego Água Boa
-54.7933,-22.3981,169,00MS13DR2153,2004,MS,1,IMASUL,Rio Dourados
-55.327444,-22.213639,170,00MS13DR2250,2004,MS,1,IMASUL,Rio Dourados
-55.331278,-22.210556,171,00MS13DR2252,2004,MS,1,IMASUL,Rio Dourados
-55.868861,-22.146222,172,00MS13DR2364,2004,MS,1,IMASUL,Rio Dourados
-53.7428,-23.2112,173,00MS13IV2000,2004,MS,1,IMASUL,Rio Ivinhema
-53.5321,-22.3816,174,00MS13IV2142,2004,MS,1,IMASUL,Rio Ivinhema
-53.8938,-21.8783,175,00MS13IV2237,2004,MS,1,IMASUL,Rio Ivinhema
-55.332694,-22.212222,176,00MS13SJ2000,2004,MS,1,IMASUL,Rio São João
-54.8364,-21.839,177,00MS13SM2000,2004,MS,1,IMASUL,Rio Santa Maria
-55.3422,-21.3938,178,00MS13ST2018,2004,MS,1,IMASUL,Rio Sto Antonio
-54.678472,-21.525472,179,00MS13VA2143,2004,MS,1,IMASUL,Rio Vacaria
-54.6981,-21.3628,180,00MS13VA2167,2004,MS,1,IMASUL,Rio Vacaria
-54.935389,-21.020278,181,00MS13VA2234,2004,MS,1,IMASUL,Rio Vacaria
-51.0892,-19.3074,182,00MS19AR2039,2004,MS,1,IMASUL,Rio Aporé
-51.7285,-19.1066,183,00MS19AR2138,2004,MS,1,IMASUL,Rio Aporé
-51.7481,-19.0866,184,00MS19AR2143,2004,MS,1,IMASUL,Rio Aporé
-52.1721,-18.8584,185,00MS19AR2233,2004,MS,1,IMASUL,Rio Aporé
-52.1808,-18.8515,186,00MS19AR2243,2004,MS,1,IMASUL,Rio Aporé
-52.6263,-18.6903,187,00MS19AR2321,2004,MS,1,IMASUL,Rio Aporé
-54.819444,-17.6425,188,00MS21CA2008,2004,MS,1,IMASUL,Córrego Cabeceira Alta
-54.744444,-17.618611,189,00MS21CA2019,2004,MS,1,IMASUL,Córrego Cabeceira Alta
-55.137778,-17.653611,190,00MS21CR2000,2004,MS,1,IMASUL,Rio Correntes
-54.740278,-17.523889,191,00MS21CR2060,2004,MS,1,IMASUL,Rio Correntes
-55.139722,-17.649722,192,00MS21PQ2123,2004,MS,1,IMASUL,Rio Piquiri
-55.138611,-17.655833,193,00MS21PQ2125,2004,MS,1,IMASUL,Rio Piquiri
-54.690833,-17.916111,194,00MS21PQ2253,2004,MS,1,IMASUL,Rio Correntes
-56.966111,-17.626944,195,00MS22CB2077,2004,MS,1,IMASUL,Rio Cuiabá
-49.260987,-25.599166,196,65017006,2004,PR,1,Águas Paraná,Rio Iguaçu
-49.251111,-25.622,197,65017020,2004,PR,1,Águas Paraná,Rio Cotia
-49.257665,-25.645643,198,65017035,2004,PR,1,Águas Paraná,Rio Despique
-49.317361,-25.720667,199,65019400,2004,PR,1,Águas Paraná,Rio Mauricio
-49.324556,-25.754417,200,65019410,2004,PR,1,Águas Paraná,Rio dos Patos
-49.359438,-25.64602,201,65019500,2004,PR,1,Águas Paraná,Rio Mauricio
-49.286722,-25.286722,202,65019520,2004,PR,1,Águas Paraná,Rio Barigui
-49.30662,-25.414299,203,65019650,2004,PR,1,Águas Paraná,Rio Barigui
-49.307417,-25.422333,204,65019655,2004,PR,1,Águas Paraná,Rio Uvu
-49.314728,-25.436093,205,65019670,2004,PR,1,Águas Paraná,Rio Barigui
-49.338,-25.514583,206,65019685,2004,PR,1,Águas Paraná,Rio Barigui
-49.356899,-25.613847,207,65019700,2004,PR,1,Águas Paraná,Rio Barigui
-49.379139,-25.657306,208,65019850,2004,PR,1,Águas Paraná,Rio Faxinal
-49.398047,-25.600459,209,65019980,2004,PR,1,Águas Paraná,Rio Iguaçu
-49.415692,-25.595737,210,65020000,2004,PR,1,Águas Paraná,Rio Iguaçu
-49.366361,-25.308167,211,65020990,2004,PR,1,Águas Paraná,Rio Passauna
-49.340894,-25.346172,212,65020995,2004,PR,1,Águas Paraná,Rio Passauna
-49.344917,-25.364556,213,65021000,2004,PR,1,Águas Paraná,Rio Passauna
-49.360515,-25.386799,214,65021250,2004,PR,1,Águas Paraná,Rio Passauna
-49.384916,-25.416984,215,65021770,2004,PR,1,Águas Paraná,Rio Cachoeirinha
-49.387783,-25.426305,216,65021800,2004,PR,1,Águas Paraná,Rio Passaúna
-49.402611,-25.460111,217,65022150,2004,PR,1,Águas Paraná,Rio Ferraria
-49.392472,-25.532417,218,65022900,2004,PR,1,Águas Paraná,Rio Passauna
-49.393561,-25.533003,219,65023000,2004,PR,1,Águas Paraná,Rio Passauna
-49.429927,-25.574497,220,65024000,2004,PR,1,Águas Paraná,Rio Passauna
-49.547389,-25.509972,221,65026920,2004,PR,1,Águas Paraná,Rio Cambui
-49.583167,-25.579944,222,65027000,2004,PR,1,Águas Paraná,Rio Verde
-49.631899,-25.587233,223,65028000,2004,PR,1,Águas Paraná,Rio Iguacu
-49.889611,-25.548056,224,65035000,2004,PR,1,Águas Paraná,Rio Iguacu
-50.389444,-25.875556,225,65060000,2004,PR,1,Águas Paraná,Rio Iguaçu
-50.5925,-26.019167,226,65220000,2004,PR,1,Águas Paraná,Rio Iguaçu
-51.967222,-25.638056,227,65825000,2004,PR,1,Águas Paraná,Rio Jordão
-52.67,-26.325278,228,65925765,2004,PR,1,Águas Paraná,Rio Pinheiro
-52.618889,-26.306389,229,65925770,2004,PR,1,Águas Paraná,Rio Pinheiro
-52.660556,-26.300278,230,65925775,2004,PR,1,Águas Paraná,Rio Conrado
-52.626944,-26.299444,231,65925780,2004,PR,1,Águas Paraná,Rio Conrado
-53.100278,-26.186389,232,65950150,2004,PR,1,Águas Paraná,Mandurim
-53.102222,-26.134167,233,65950155,2004,PR,1,Águas Paraná,Mandurim
-52.926667,-25.769167,234,65960000,2004,PR,1,Águas Paraná,Rio Chopim
-45.4405,-20.486778,235,BG023,2004,MG,1,IGAM,Rio Formiga
-44.905389,-22.326694,236,BG025,2004,MG,1,IGAM,Rio Verde
-44.9755,-22.214222,237,BG027,2004,MG,1,IGAM,Rio Verde
-45.045389,-22.060417,238,BG028,2004,MG,1,IGAM,Rio Verde
-45.054361,-21.865111,239,BG029,2004,MG,1,IGAM,Rio Baependi
-45.265417,-22.210194,240,BG030,2004,MG,1,IGAM,Rio Lambari
-45.21575,-21.767778,241,BG031,2004,MG,1,IGAM,Rio Lambari
-45.247583,-21.703194,242,BG032,2004,MG,1,IGAM,Rio Verde
-45.330806,-21.672083,243,BG033,2004,MG,1,IGAM,Rio do Peixe
-45.115306,-21.655389,244,BG034,2004,MG,1,IGAM,Rio do Peixe
-45.363778,-21.641417,245,BG035,2004,MG,1,IGAM,Rio Verde
-45.395417,-21.629833,246,BG036,2004,MG,1,IGAM,Rio Palmela
-45.508444,-21.606417,247,BG037,2004,MG,1,IGAM,Rio Verde
-45.402194,-22.515972,248,BG039,2004,MG,1,IGAM,Rio Sapucaí
-45.552417,-22.360583,249,BG041,2004,MG,1,IGAM,Rio Sapucaí
-45.867333,-22.211806,250,BG043,2004,MG,1,IGAM,Rio Sapucaí
-45.897611,-22.290083,251,BG044,2004,MG,1,IGAM,Rio Sapucaí-Mirim
-45.896111,-22.206444,252,BG045,2004,MG,1,IGAM,Rio Sapucaí-Mirim
-45.699833,-22.0535,253,BG047,2004,MG,1,IGAM,Rio Sapucaí
-45.681361,-21.579528,254,BG049,2004,MG,1,IGAM,Rio Sapucaí
-46.362222,-20.684722,255,BG051,2004,MG,1,IGAM,Rio Grande
-46.6,-20.694222,256,BG053,2004,MG,1,IGAM,Ribeirão da Bocaina
-46.832667,-20.616667,257,BG055,2004,MG,1,IGAM,Ribeirão São Pedro ou Rio São João
-47.875083,-20.008611,258,BG057,2004,MG,1,IGAM,Córrego Gameleira ou Rio Gameleira
-47.824167,-19.661111,259,BG058,2004,MG,1,IGAM,Rio Uberaba
-48.39075,-19.909056,260,BG059,2004,MG,1,IGAM,Rio Uberaba
-48.688333,-20.167861,261,BG061,2004,MG,1,IGAM,Rio Grande
-46.602167,-21.734444,262,BG063,2004,MG,1,IGAM,Ribeirão das Antas
-46.6469,-23.7864,263,BILL02100,2004,SP,2,CETESB,Reservatório Billings
-46.5983,-23.7908,264,BILL02500,2004,SP,2,CETESB,Reservatório Billings
-46.525,-23.8211,265,BILL02900,2004,SP,2,CETESB,Reservatório Billings
-46.6556,-23.8447,266,BITQ00100,2004,SP,1,CETESB,Braço do Taquacetuba
-37.64178,-7.45792,267,BJ53,2004,PB,2,SUDEMA,Açude Bom Jesus (Água Branca)
-46.0933,-23.5692,268,BMIR02800,2004,SP,1,CETESB,Rio Biritiba-Mirim
-45.621389,-23.785833,269,BOIC02950,2004,SP,1,CETESB,Rio Boiçucanga
-43.991944,-20.559722,270,BP026,2004,MG,1,IGAM,Rio Camapuã
-43.984167,-20.510639,271,BP027,2004,MG,1,IGAM,Rio Paraopeba
-44.025278,-20.413889,272,BP029,2004,MG,1,IGAM,Rio Paraopeba
-44.123056,-20.2,273,BP036,2004,MG,1,IGAM,Rio Paraopeba
-44.210083,-20.099444,274,BP068,2004,MG,1,IGAM,Rio Paraopeba
-44.254444,-20.041389,275,BP070,2004,MG,1,IGAM,Rio Paraopeba
-44.265,-19.9675,276,BP071,2004,MG,1,IGAM,Rio Betim
-49.184368,-25.341793,277,81120000,2004,PR,1,Águas Paraná,Rio Piedade
-49.184368,-25.341793,278,81125000,2004,PR,1,Águas Paraná,Rio Turvo
-49.184368,-25.341793,279,81135000,2004,PR,1,Águas Paraná,Rio Ribeira do Iguape
-49.262778,-24.8275,280,81140000,2004,PR,1,Águas Paraná,Rio Ponta Grossa
-48.999722,-24.655556,281,81200000,2004,PR,1,Águas Paraná,RIBEIRA
-48.5047,-24.7436,282,81335000,2004,PR,1,Águas Paraná,Rio Pardo
-48.2425,-25.16,283,82002000,2004,PR,1,Águas Paraná,GUARAQUEÇABA
-48.243056,-25.160556,284,82003000,2004,PR,1,Águas Paraná,Rio Guaraqueçaba
-48.296667,-25.175833,285,82003500,2004,PR,1,Águas Paraná,Rio Morato
-48.395556,-25.152778,286,82006000,2004,PR,1,Águas Paraná,Informação não disponível
-48.449444,-25.185833,287,82007000,2004,PR,1,Águas Paraná,Informação não disponível
-48.466667,-25.2,288,82009080,2004,PR,1,Águas Paraná,Taguacaba
-48.7475,-25.242778,289,82065000,2004,PR,1,Águas Paraná,Rio Cachoeira
-48.884722,-25.421389,290,82169000,2004,PR,1,Águas Paraná,Rio Nhundiaquara
-48.83,-25.476944,291,82170000,2004,PR,1,Águas Paraná,Rio Nhundiaquara
-48.852222,-25.933056,292,82249000,2004,PR,1,Águas Paraná,Informação não disponível
-34.86782,-7.430725,293,AB01,2004,PB,1,SUDEMA,Rio Abiaí
-34.837484,-7.43240700000001,294,AB02,2004,PB,1,SUDEMA,Rio Abiaí
-34.83684,-7.43433599999997,295,AB03,2004,PB,1,SUDEMA,Rio Abiaí
-45.362778,-23.818889,296,ABRA02950,2004,SP,1,CETESB,Ribeirão Água Branca
-35.561266,-7.44201600000002,297,AC18,2004,PB,2,SUDEMA,Açude Acauã (Natuba)
-38.406438,-4.20861200000002,298,ACA09,2004,CE,2,COGERH,Informação não disponível
-38.998261,-5.32536499999998,299,ACM01,2004,CE,2,COGERH,Informação não disponível
-40.28314,-3.49496399999998,300,ACM02,2004,CE,2,COGERH,Acaraú Mirim
-40.291337,-3.51266199999998,301,ACM03,2004,CE,2,COGERH,Acaraú Mirim
-40.302961,-3.502118,302,ACM04,2004,CE,2,COGERH,Acaraú Mirim
-40.315997,-3.503647,303,ACM05,2004,CE,2,COGERH,Acaraú Mirim
-49.6756,-21.9214,304,AGUA02010,2004,SP,1,CETESB,Rio Aguapeí
-50.5892,-21.6764,305,AGUA02100,2004,SP,1,CETESB,Rio Aguapeí
-51.497778,-21.220833,306,AGUA02800,2004,SP,1,CETESB,Rio Aguapeí
-49.119122,-25.442307,307,AI01,2004,PR,1,IAP,Rio Iraí
-49.08615,-25.370755,308,AI02,2004,PR,1,IAP,Rio Timbu
-49.167595,-25.443372,309,AI03,2004,PR,1,IAP,Rio Palmital
-49.189796,-25.483983,310,AI04,2004,PR,1,IAP,Rio Iguaçu
-49.228486,-25.589573,311,AI07,2004,PR,1,IAP,Rio Miringuava
-49.19962,-25.44208,312,AI08,2004,PR,1,IAP,Rio Atuba
-49.245136,-25.547588,313,AI09,2004,PR,1,IAP,Rio Padilha
-49.357548,-25.61476,314,AI10,2004,PR,1,IAP,Rio Barigui
-49.250757,-25.572355,315,AI11,2004,PR,1,IAP,Rio Passaúna
-49.583058,-25.580311,316,AI12,2004,PR,1,IAP,Rio Verde
-49.888624,-25.547918,317,AI13,2004,PR,1,IAP,Rio Iguaçu
-49.513552,-25.600423,318,AI14,2004,PR,1,IAP,Rio Iguaçu
-49.229108,-25.491044,319,AI15,2004,PR,1,IAP,Rio Belém
-49.120833,-25.450833,320,AI16,2004,PR,1,IAP,Rio Piraquara
-49.17087,-25.453668,321,AI17,2004,PR,1,IAP,Rio Iraí
-49.145531,-25.519296,322,AI18,2004,PR,1,IAP,Rio Pequeno
-49.249322,-25.449713,323,AI19,2004,PR,1,IAP,Rio Belém
-49.219005,-25.527971,324,AI20,2004,PR,1,IAP,Rio Iguaçu
-49.091248,-25.525152,325,AI22,2004,PR,1,IAP,Rio Itaqui
-49.317611,-25.720391,326,AI23,2004,PR,1,IAP,Rio Mauricio
-49.260881,-25.599143,327,AI24,2004,PR,1,IAP,Rio Iguaçu
-49.631963,-25.588596,328,AI25,2004,PR,1,IAP,Rio Iguaçu
-49.256981,-25.646239,329,AI26,2004,PR,1,IAP,Rio Despique
-49.365481,-25.31032,330,AI27,2004,PR,1,IAP,Rio Passaúna
-49.339852,-25.348431,331,AI28,2004,PR,1,IAP,Rio Passaúna
-49.354847,-25.365175,332,AI29,2004,PR,1,IAP,Rio Passaúna
-49.360494,-25.386987,333,AI30,2004,PR,1,IAP,Rio Passaúna
-49.384931,-25.417042,334,AI31,2004,PR,1,IAP,Rio Cachoeirinha
-49.388077,-25.427125,335,AI32,2004,PR,1,IAP,Rio Passaúna
-49.391673,-25.429611,336,AI33,2004,PR,1,IAP,Rio Cachoeira
-49.389259,-25.441475,337,AI34,2004,PR,1,IAP,Rio Sem Nome
-49.402288,-25.45998,338,AI35,2004,PR,1,IAP,Rio Ferraria
-49.392035,-25.526542,339,AI36,2004,PR,1,IAP,Rio Passaúna
-49.409716,-25.547671,340,AI37,2004,PR,1,IAP,Rio Passaúna
-49.084791,-25.634586,341,AI38,2004,PR,1,IAP,Rio Miringuava
-49.052874,-25.423976,342,AI39,2004,PR,1,IAP,Rio do Meio
-49.000637,-25.567535,343,AI40,2004,PR,1,IAP,Rio Pequeno
-49.090367,-25.489655,344,AI41,2004,PR,1,IAP,Rio Piraquara
-49.173362,-25.3926,345,AI42,2004,PR,1,IAP,Rio Palmital
-49.056878,-25.438969,346,AI43,2004,PR,1,IAP,Rio Iraizinho
-49.119778,-25.37758,347,AI44,2004,PR,1,IAP,Rio Canguiri
-49.053035,-25.480678,348,AI45,2004,PR,1,IAP,Rio Curralinho
-49.186771,-25.307833,349,AI46,2004,PR,1,IAP,Rio Tumiri
-49.184368,-25.341793,350,AI47,2004,PR,1,IAP,Rio Cachoeira
-49.151693,-25.470318,351,AI48,2004,PR,1,IAP,Rio Itaqui
-49.139532,-25.434027,352,AI49,2004,PR,1,IAP,Rio do Meio
-49.173314,-25.626448,353,AI50,2004,PR,1,IAP,Rio Miringuava-mirim
-49.251573,-25.622369,354,AI51,2004,PR,1,IAP,Rio Cotia
-49.324957,-25.754393,355,AI52,2004,PR,1,IAP,Rio dos Patos
-49.218647,-25.409153,356,AI53,2004,PR,1,IAP,Rio Mauricio
-49.379227,-25.657398,357,AI54,2004,PR,1,IAP,Rio Faxinal
-49.268457,-25.40982,358,AI55,2004,PR,1,IAP,Rio Atuba
-49.26666,-25.379041,359,AI56,2004,PR,1,IAP,Rio Belém
-49.283264,-25.286255,360,AI57,2004,PR,1,IAP,Rio Barigui
-49.305399,-25.413754,361,AI58,2004,PR,1,IAP,Rio Barigui
-49.306956,-25.421861,362,AI59,2004,PR,1,IAP,Rio Uvu
-49.314043,-25.449803,363,AI60,2004,PR,1,IAP,Rio Barigui
-49.336545,-25.514105,364,AI61,2004,PR,1,IAP,Rio Barigui
-49.229722,-25.389444,365,AI62,2004,PR,1,IAP,Rio Bacacheri
-49.218647,-25.409153,366,AI63,2004,PR,1,IAP,Rio Bacacheri
-49.251248,-25.445782,367,AI64,2004,PR,1,IAP,RIO ÁGUA VERDE
-49.259433,-25.435976,368,AI65,2004,PR,1,IAP,Rio Ivo
-49.252742,-25.442171,369,AI66,2004,PR,1,IAP,Ro Vila Fany
-49.258155,-25.469526,370,AI67,2004,PR,1,IAP,Rio Vila Parolin
-49.546529,-25.50962,371,AI68,2004,PR,1,IAP,Rio Cambui
-49.189143,-25.482422,372,AI71,2004,PR,1,IAP,Rio Iraí
-49.183747,-25.30618,373,AI72,2004,PR,1,IAP,Rio Pequeno
-49.067484,-25.384205,374,AI83,2004,PR,1,IAP,Rio Cerrado
-46.464444,-23.934722,375,ANCO02900,2004,SP,1,CETESB,Rio Branco
-38.317805,-6.12378200000001,376,APM01,2004,RN,2,IGARN,Açude Encanto
-38.4283,-6.21109999999999,377,APM02,2004,RN,2,IGARN,Açude Bonito II
-38.039972,-6.27016900000001,378,APM06,2004,RN,2,IGARN,Açude Pilões
-37.817057,-6.12260199999997,379,APM09,2004,RN,2,IGARN,Açude Lucrecia
-37.691798,-5.67245600000001,380,APM16,2004,RN,2,IGARN,Riacho do Mulato
-37.7667,-5.73333300000002,381,APM17,2004,RN,2,IGARN,Barragem Santa Cruz do Apodí
-37.3622,-5.21940000000001,382,APM20,2004,RN,1,IGARN,Rio Apodi-Mossoró
-37.284836,-5.15435300000001,383,APM21,2004,RN,2,IGARN,RIO DA PEDRA
-37.94,-5.94,384,APM23,2004,RN,2,IGARN,Açude Riacho da Cruz
-38.2585,-6.22050000000002,385,APM28,2004,RN,2,IGARN,Açude Santana de Pau dos Ferros (GANGORRA)
-38.448473,-6.03804600000001,386,ARA01,2004,CE,2,COGERH,Informação não disponível
-40.467559,-4.22053,387,ARA02,2004,CE,2,COGERH,Araras
-40.438576,-4.24794200000002,388,ARA03,2004,CE,2,COGERH,Araras
-40.448219,-4.27866499999999,389,ARA05,2004,CE,2,COGERH,Araras
-40.011986,-5.63138099999998,390,ARA06,2004,CE,2,COGERH,Informação não disponível
-40.488045,-4.30102599999998,391,ARA07,2004,CE,2,COGERH,Araras
-47.2231,-22.2794,392,ARAS02900,2004,SP,1,CETESB,Rio das Araras
-47.3492,-22.3511,393,ARAS03400,2004,SP,1,CETESB,Rio das Araras
-45.061944,-23.458889,394,ARAU02950,2004,SP,1,CETESB,Rio Acaraú
-40.337537,-20.350762,395,ARI1C001,2004,ES,1,IEMA,Rio Aribiri
-50.0225,-22.3192,396,ARPE02800,2004,SP,2,CETESB,Reservatório do Arrependido
-38.669294,-5.25608099999999,397,ARR01,2004,CE,2,COGERH,Informação não disponível
-40.266808,-3.87396799999999,398,ARR02,2004,CE,2,COGERH,Arrebita
-40.252365,-3.887069,399,ARR03,2004,CE,2,COGERH,Arrebita
-40.252035,-3.91962999999998,400,ARR04,2004,CE,2,COGERH,Arrebita
-46.545,-23.1033,401,ATIB02010,2004,SP,1,CETESB,Rio Atibaia
-46.846667,-22.969722,402,ATIB02030,2004,SP,1,CETESB,Rio Atibaia
-46.933611,-22.937778,403,ATIB02035,2004,SP,1,CETESB,Rio Atibaia
-46.9739,-22.905,404,ATIB02065,2004,SP,1,CETESB,Rio Atibaia
-47.105556,-22.751944,405,ATIB02300,2004,SP,1,CETESB,Rio Atibaia
-47.155,-22.7631,406,ATIB02605,2004,SP,1,CETESB,Rio Atibaia
-47.173333,-22.761389,407,ATIB02800,2004,SP,1,CETESB,Rio Atibaia
-47.290833,-22.698333,408,ATIB02900,2004,SP,1,CETESB,Rio Atibaia
-40.506472,-3.78084899999999,409,AYS01,2004,CE,2,COGERH,Ayres de Souza
-40.239242,-3.82796999999999,410,AYS02,2004,CE,2,COGERH,Informação não disponível
-40.528672,-3.81107900000001,411,AYS03,2004,CE,2,COGERH,Ayres de Souza
-40.540279,-3.832356,412,AYS04,2004,CE,2,COGERH,Ayres de Souza
-34.87986,-7.239194,413,BA00,2004,PB,1,SUDEMA,Rio Boa Água
-34.923697,-7.262562,414,BA01,2004,PB,1,SUDEMA,Rio Boa Água
-47.374444,-20.520556,415,BAGR04020,2004,SP,1,CETESB,Ribeirão dos Bagres
-47.410556,-20.553611,416,BAGR04500,2004,SP,1,CETESB,Ribeirão dos Bagres
-47.4717,-20.6308,417,BAGR04600,2004,SP,1,CETESB,Ribeirão dos Bagres
-47.071667,-20.695833,418,BAGR04950,2004,SP,1,CETESB,Ribeirão dos Bagres
-50.4286,-21.2219,419,BAGU02700,2004,SP,1,CETESB,Ribeirão Baguaçu
-37.334425,-6.17956400000003,420,BAI35,2004,PB,2,SUDEMA,Açude Baião (São José do Brejo do Cruz)
-46.4786,-23.1128,421,BAIN02950,2004,SP,1,CETESB,Rio Atibainha
-53.708083,-16.345194,422,BAN60,2004,MT,1,SEMA,Rio Bandeira
-38.48986,-7.31349999999998,423,BAR21,2004,PB,2,SUDEMA,Açude Bartolomeu (Bonito de Santa Fé)
-53.513833,-15.869528,424,BAT37,2004,MT,1,SEMA,Rio Batovi
-49.1153,-22.3808,425,BATA02050,2004,SP,1,CETESB,Rio Batalha
-49.2347,-21.8872,426,BATA02800,2004,SP,1,CETESB,Rio Batalha
-40.678505,-20.686662,427,BEN1C010,2004,ES,1,IEMA,Rio Benevente
-40.749414,-20.653366,428,BEN1D005,2004,ES,1,IEMA,Rio Benevente
-44.316556,-22.032139,429,BG001,2004,MG,1,IGAM,Rio Grande
-44.327528,-21.491944,430,BG003,2004,MG,1,IGAM,Rio Grande
-44.393667,-21.613361,431,BG005,2004,MG,1,IGAM,Rio Aiuruoca
-44.631139,-21.290056,432,BG007,2004,MG,1,IGAM,Rio Grande
-44.884167,-21.275306,433,BG009,2004,MG,1,IGAM,Rio Capivari
-43.912556,-21.218306,434,BG010,2004,MG,1,IGAM,Ribeirão Caieiro
-43.679139,-21.249167,435,BG011,2004,MG,1,IGAM,Rio das Mortes
-43.91875,-21.234889,436,BG012,2004,MG,1,IGAM,Rio das Mortes
-43.980444,-21.173806,437,BG013,2004,MG,1,IGAM,Rio das Mortes
-43.967333,-21.205833,438,BG014,2004,MG,1,IGAM,Rio das Mortes
-44.740583,-21.142167,439,BG017,2004,MG,1,IGAM,Rio das Mortes
-45.126194,-21.176194,440,BG019,2004,MG,1,IGAM,Rio Grande
-45.197917,-21.003694,441,BG021,2004,MG,1,IGAM,Rio Jacaré
-43.606944,-22.993283,442,00RJ12PR0000,2004,RJ,1,INEA,Rio Piraquê
-43.615831,-22.759769,443,00RJ12QM0270,2004,RJ,1,INEA,Rio Queimados
-43.592544,-22.730367,444,00RJ12QM0271,2004,RJ,1,INEA,Rio Queimados
-43.734989,-22.897392,445,00RJ12SF0080,2004,RJ,1,INEA,Canal de São Francisco
-43.703764,-22.919931,446,00RJ12VS0660,2004,RJ,1,INEA,Vala do Sangue
-43.218111,-22.967,447,00RJ21CB0070,2004,RJ,1,INEA,Rio Cabeça
-43.217539,-22.964139,448,00RJ21CB0075,2004,RJ,1,INEA,Rio Cabeça
-43.221128,-22.961597,449,00RJ21CB0080,2004,RJ,1,INEA,Rio Cabeça
-43.221389,-22.956667,450,00RJ21CB0085,2004,RJ,1,INEA,Rio Cabeça
-44.725103,-22.525269,451,01RJ02FN0130,2004,RJ,2,INEA,Reservatório de Funil – Queluz.
-43.839181,-22.482231,452,01RJ02SC0200,2004,RJ,2,INEA,Represa de Santa Cecília
-43.343394,-22.957592,453,01RJ20AN0040,2004,RJ,1,INEA,Rio do Anil
-43.301939,-22.988447,454,01RJ20CC0000,2004,RJ,1,INEA,Rio Cachoeira
-43.414606,-22.974758,455,01RJ20CM0220,2004,RJ,1,INEA,Rio Camorim
-43.382597,-22.935883,456,01RJ20GN0400,2004,RJ,1,INEA,Rio Guerenguê
-43.370936,-22.925922,457,01RJ20GR0140,2004,RJ,1,INEA,Rio Grande
-43.395158,-22.961233,458,01RJ20PN0480,2004,RJ,1,INEA,Rio Pavuninha
-43.379139,-22.973108,459,00RJ20PV0180,2004,RJ,1,INEA,Arroio Pavuna
-43.335436,-22.965031,460,01RJ20RT0020,2004,RJ,1,INEA,Rio Retiro
-38.176939,-6.329048,461,37026000,2004,RN,2,IGARN,Rio Apodi-Mossoró
-38.192,-6.14499999999998,462,37028000,2004,RN,2,IGARN,Rio Apodi-Mossoró
-38.039972,-6.27016900000001,463,37049000,2004,RN,2,IGARN,Rio Pilões
-36.0825,-5.78222199999999,464,37062000,2004,RN,2,IGARN,Açude Malhada Vermelha
-38.011667,-5.851944,465,37065000,2004,RN,2,IGARN,Riacho dos Cavalos
-38.173665,-6.47614600000003,466,37235100,2004,RN,2,IGARN,Rio Apodi-Mossoró
-34.855814,-7.03952600000002,467,5PB,2004,PB,1,SUDEMA,Informação não disponível
-50.283056,-23.083056,468,64370000,2004,PR,1,Águas Paraná,Rio das Cinzas
-50.390556,-24.943889,469,64447000,2004,PR,1,Águas Paraná,Rio Tibagi
-50.493611,-24.705,470,64460000,2004,PR,1,Águas Paraná,Rio Capivari
-50.409722,-24.509444,471,64465000,2004,PR,1,Águas Paraná,Rio Tibagi
-50.0889,-24.7497,472,64477600,2004,PR,1,Águas Paraná,Rio Iapó
-50.775278,-23.719444,473,64500000,2004,PR,1,Águas Paraná,Ribeirão do Tigre
-51.4,-22.667222,474,64517000,2004,PR,1,Águas Paraná,Rio Paranapanema
-52.466667,-23.616667,475,64680000,2004,PR,1,Águas Paraná,Rio Ligeiro
-49.251573,-25.622369,476,64682000,2004,PR,1,Águas Paraná,Rio dos Indios
-52.9331,-24.6167,477,64785000,2004,PR,1,Águas Paraná,Rio Goio Bango ou Tricolor
-53.664167,-24.751389,478,64863040,2004,PR,1,Águas Paraná,Rio Toledo
-53.688889,-24.738056,479,64863360,2004,PR,1,Águas Paraná,Rio Toledo
-53.774167,-24.754722,480,64863520,2004,PR,1,Águas Paraná,Rio Toledo
-49.05576,-25.395255,481,65000900,2004,PR,1,Águas Paraná,Rio Iguaçu
-49.086082,-25.371306,482,65001000,2004,PR,1,Águas Paraná,Rio Pequeno
-49.120035,-25.377702,483,65001150,2004,PR,1,Águas Paraná,Rio Canguiri
-49.053222,-25.424444,484,65003895,2004,PR,1,Águas Paraná,Rio do Meio
-49.057333,-25.439444,485,65003900,2004,PR,1,Águas Paraná,Rio Iraizinho
-49.118486,-25.440947,486,65003950,2004,PR,1,Águas Paraná,Rio Iraí
-49.090417,-25.4895,487,65004900,2004,PR,1,Águas Paraná,Rio Piraquara
-49.121354,-25.450585,488,65004995,2004,PR,1,Águas Paraná,Rio Piraquara
-49.140333,-25.434167,489,65006000,2004,PR,1,Águas Paraná,Rio do Meio
-49.1453483,-25.443629,490,65006010,2004,PR,1,Águas Paraná,Rio Iraí
-49.187306,-25.307806,491,65006020,2004,PR,1,Águas Paraná,Rio Iraí
-49.184611,-25.341694,492,65006030,2004,PR,1,Águas Paraná,Rio Cachoeira
-49.167222,-25.443278,493,65006055,2004,PR,1,Águas Paraná,Rio Palmital
-49.171541,-25.454003,494,65006075,2004,PR,1,Águas Paraná,Rio Iraí
-49.091028,-25.524667,495,65006080,2004,PR,1,Águas Paraná,Rio Itaqui
-49.151417,-25.470417,496,65006085,2004,PR,1,Águas Paraná,Rio Itaqui
-49.194683,-25.381706,497,65007010,2004,PR,1,Águas Paraná,Córrego Monjolo
-49.229806,-25.389639,498,65007020,2004,PR,1,Águas Paraná,Rio Bacacheri
-49.222162,-25.390752,499,65007022,2004,PR,1,Águas Paraná,Afluente Bacacheri (SEM NOME)
-49.218667,-25.409306,500,65007030,2004,PR,1,Águas Paraná,Rio Bacacheri
-49.197909,-25.446818,501,65007046,2004,PR,1,Águas Paraná,Rio Atuba
-49.189418,-25.483441,502,65009000,2004,PR,1,Águas Paraná,Rio Iguacu
-49.000306,-25.567583,503,65009900,2004,PR,1,Águas Paraná,Rio Iguacu
-49.146846,-25.519196,504,65010000,2004,PR,1,Águas Paraná,Rio Pequeno
-49.181944,-25.486417,505,65010050,2004,PR,1,Águas Paraná,Rio Pequeno
-49.266667,-25.378972,506,65011000,2004,PR,1,Águas Paraná,Rio Belem
-49.259889,-25.436444,507,65011200,2004,PR,1,Águas Paraná,Rio Ivo
-49.24915,-25.450099,508,65011350,2004,PR,1,Águas Paraná,Rio Água Verde
-49.090367,-25.489655,509,65011400,2004,PR,1,Águas Paraná,Rio Belem
-49.258667,-25.469917,510,65011420,2004,PR,1,Águas Paraná,Rio Parolim
-49.252694,-25.468722,511,65011430,2004,PR,1,Águas Paraná,Rio Fany
-49.228778,-25.491222,512,65011500,2004,PR,1,Águas Paraná,Rio Belem
-49.212354,-25.517501,513,65013005,2004,PR,1,Águas Paraná,Rio Iguaçu
-49.244722,-25.548056,514,65014000,2004,PR,1,Águas Paraná,Rio Padilha
-49.08525,-25.635056,515,65014950,2004,PR,1,Águas Paraná,Rio Miringuava
-49.173606,-25.62596,516,65014980,2004,PR,1,Águas Paraná,Rio Miringuava Mirim
-49.228639,-25.589333,517,65015400,2004,PR,1,Águas Paraná,Rio Miringuava Mirim
-52.75675,-15.727028,518,GAR373,2004,MT,1,SEMA,Rio das Garças
-52.375833,-15.885306,519,GAR430,2004,MT,1,SEMA,Rio das Garças
-52.257833,-15.894944,520,GAR447,2004,MT,1,SEMA,Rio das Garças
-53.399333,-15.865806,521,GAR051,2004,MT,1,SEMA,Rio das Garças
-53.402111,-16.736167,522,GAR84,2004,MT,1,SEMA,Rio das Garças
-38.567755,-3.93474099999997,523,GAV05,2004,CE,2,COGERH,Açude Gavião
-47.141667,-22.426389,524,GERT02100,2004,SP,1,CETESB,Córrego Santa Gertrudes
-47.488611,-22.4375,525,GERT02200,2004,SP,1,CETESB,Córrego Santa Gertrudes
-34.802112,-7.27719300000001,526,GI01,2004,PB,1,SUDEMA,Rio Gurují
-34.979663,-6.490408,527,GJ01,2004,PB,1,SUDEMA,Rio Guajú
-34.978383,-6.48895800000003,528,GJ02,2004,PB,1,SUDEMA,Rio Guajú
-34.969681,-6.48958800000003,529,GJ03,2004,PB,1,SUDEMA,Rio Guajú
-39.328089,-7.08436899999998,530,GNS01,2004,CE,2,COGERH,Açude General Sampaio
-39.452349,-4.082199,531,GNS02,2004,CE,2,COGERH,General Sampaio
-39.113269,-6.26128599999998,532,GNS03,2004,CE,2,COGERH,Açude General Sampaio
-39.472476,-4.082649,533,GNS04,2004,CE,2,COGERH,General Sampaio
-39.060404,-6.20804800000002,534,GNS05,2004,CE,2,COGERH,Açude General Sampaio
-39.490684,-4.11286200000001,535,GNS06,2004,CE,2,COGERH,General Sampaio
-45.191944,-23.514444,536,GOIN02900,2004,SP,1,CETESB,Rio Lagoinha
-34.917054,-7.21808199999998,537,GR01,2004,PB,2,SUDEMA,Rio Gramame
-34.907387,-7.21196600000002,538,GR03,2004,PB,1,SUDEMA,Rio Gramame
-50.947778,-29.965278,539,GR034,2004,RS,1,FEPAM,Informação não disponível
-34.878715,-7.21835900000002,540,GR04,2004,PB,1,SUDEMA,Rio Gramame
-34.862137,-7.22927600000003,541,GR05,2004,PB,1,SUDEMA,Rio Gramame
-50.760278,-29.989167,542,GR055,2004,RS,1,FEPAM,Informação não disponível
-34.841166,-7.22837600000003,543,GR06,2004,PB,1,SUDEMA,Rio Gramame
-34.805846,-7.23719699999998,544,GR07,2004,PB,1,SUDEMA,Rio Gramame
-50.601389,-29.936111,545,GR072CL000,2004,RS,1,FEPAM,Informação não disponível
-45.1108,-23.4117,546,GRAN02400,2004,SP,1,CETESB,Rio Grande
-45.1031,-23.4217,547,GRAN02800,2004,SP,1,CETESB,Rio Grande
-45.069167,-23.430833,548,GRAN02900,2004,SP,1,CETESB,Rio Grande
-48.2344,-20.0242,549,GRDE02300,2004,SP,1,CETESB,Rio Grande
-34.95906,-7.29007999999999,550,GRMA20,2004,PB,2,SUDEMA,Açude Gramame-Mamuaba (Alhandra)
-46.7269,-23.7542,551,GUAR00100,2004,SP,2,CETESB,Reservatório do Guarapiranga
-46.7278,-23.6742,552,GUAR00900,2004,SP,2,CETESB,Reservatório do Guarapiranga
-45.375556,-23.623056,553,GUAX02950,2004,SP,1,CETESB,Rio Guaxinduba
-36.427933,-8.31039900000002,554,IP15,2004,PE,2,CPRH,Rio Bitury
-36.375258,-8.34853199999998,555,IP36,2004,PE,2,CPRH,Rio Ipojuca
-35.066801,-8.40459299999998,556,IP90,2004,PE,1,CPRH,Rio Ipojuca
-47.093333,-23.4,557,IPAN02500,2004,SP,1,CETESB,Córrego Ipanema
-44.312222,-19.943611,558,BP072,2004,MG,1,IGAM,Rio Paraopeba
-44.518611,-19.426111,559,BP076,2004,MG,1,IGAM,Ribeirão São João
-44.706667,-19.167222,560,BP078,2004,MG,1,IGAM,Rio Paraopeba
-43.911389,-20.602222,561,BP079,2004,MG,1,IGAM,Rio Paraopeba
-43.904444,-20.515083,562,BP080,2004,MG,1,IGAM,Rio Maranhão
-44.480056,-19.672778,563,BP082,2004,MG,1,IGAM,Rio Paraopeba
-44.531667,-19.372528,564,BP083,2004,MG,1,IGAM,Rio Paraopeba
-43.803611,-20.6,565,BP084,2004,MG,1,IGAM,Rio Maranhão
-44.189722,-20.047778,566,BP086,2004,MG,1,IGAM,Ribeirão Sarzedo
-44.172444,-19.911667,567,BP088,2004,MG,1,IGAM,Rio Betim
-44.393611,-19.808056,568,BP090,2004,MG,1,IGAM,Ribeirão Grande
-44.058611,-20.106111,569,BP092,2004,MG,1,IGAM,Ribeirão Casa Branca
-44.04,-20.120833,570,BP094,2004,MG,1,IGAM,Ribeirão Catarina
-46.3847,-23.4139,571,BQGU03200,2004,SP,1,CETESB,Rio Baquirivu-Guaçu
-43.504333,-21.593389,572,BS002,2004,MG,1,IGAM,Rio Paraibuna
-43.432806,-21.678194,573,BS006,2004,MG,1,IGAM,Rio Paraibuna
-43.323333,-21.781278,574,BS017,2004,MG,1,IGAM,Rio Paraibuna
-43.333528,-21.857417,575,BS018,2004,MG,1,IGAM,Rio Paraibuna
-43.3735,-21.967222,576,BS024,2004,MG,1,IGAM,Rio Paraibuna
-43.337222,-22.008889,577,BS028,2004,MG,1,IGAM,Rio Preto
-43.304444,-22.015556,578,BS029,2004,MG,1,IGAM,Rio Paraibuna
-43.148056,-22.015028,579,BS031,2004,MG,1,IGAM,Rio Cágado
-43.143889,-22.093889,580,BS032,2004,MG,1,IGAM,Rio Paraibuna
-43.318111,-21.233639,581,BS033,2004,MG,1,IGAM,Rio Pomba
-42.823361,-21.2875,582,BS042,2004,MG,1,IGAM,Rio Xopotó
-42.745278,-21.374167,583,BS043,2004,MG,1,IGAM,Rio Pomba
-42.765,-21.385556,584,BS046,2004,MG,1,IGAM,Rio Novo
-42.689083,-21.398333,585,BS049,2004,MG,1,IGAM,Ribeirão Meia Pataca
-42.668889,-21.42,586,BS050,2004,MG,1,IGAM,Rio Pomba
-42.255667,-21.494278,587,BS054,2004,MG,1,IGAM,Rio Pomba
-42.010167,-20.90075,588,BS056,2004,MG,1,IGAM,Rio Carangola
-42.214556,-21.149139,589,BS057,2004,MG,1,IGAM,Rio Muriaé
-42.330889,-21.123889,590,BS058,2004,MG,1,IGAM,Rio Glória
-42.440139,-21.149806,591,BS059,2004,MG,1,IGAM,Rio Muriaé
-43.168056,-22.105556,592,BS060,2004,MG,1,IGAM,Rio Paraíba do Sul
-43.395056,-21.883611,593,BS061,2004,MG,1,IGAM,Rio do Peixe
-42.921089,-21.114831,594,BS071,2004,MG,1,IGAM,Ribeirão Ubá
-43.526028,-21.487778,595,BS073,2004,MG,1,IGAM,Ribeirão das Posses
-42.837083,-21.045333,596,BS077,2004,MG,1,IGAM,Rio Xopotó
-42.340139,-21.1375,597,BS081,2004,MG,1,IGAM,Rio Muriaé
-43.398333,-21.717222,598,BS083,2004,MG,1,IGAM,Rio Paraibuna
-43.766944,-21.81925,599,BS085,2004,MG,1,IGAM,Rio do Peixe
-40.424123,-20.28084,600,BUB1C001,2004,ES,1,IEMA,Rio Bubu
-40.396503,-20.283285,601,BUB1C010,2004,ES,1,IEMA,Rio Bubu
-40.393295,-20.282154,602,BUB1C015,2004,ES,1,IEMA,Rio Bubu
-40.417126,-20.275783,603,BUB2C005,2004,ES,1,IEMA,Córrego Areinha
-57.172747,-15.077242,604,BUG132,2004,MT,1,SEMA,Rio dos Bugres
-45.653889,-23.777778,605,BURI02950,2004,SP,1,CETESB,Rio Camburi
-43.751889,-20.207583,606,BV013,2004,MG,1,IGAM,Rio das Velhas
-43.803306,-20.223944,607,BV035,2004,MG,1,IGAM,Rio Itabirito
-43.792694,-20.137583,608,BV037,2004,MG,1,IGAM,Rio das Velhas
-43.824861,-19.982,609,BV062,2004,MG,1,IGAM,Ribeirão Água Suja
-43.811361,-19.983139,610,BV063,2004,MG,1,IGAM,Rio das Velhas
-43.827208,-19.93775,611,BV067,2004,MG,1,IGAM,Rio das Velhas
-43.812889,-19.893556,612,BV076,2004,MG,1,IGAM,Ribeirão Sabará
-43.86505,-19.849017,613,BV083,2004,MG,1,IGAM,Rio das Velhas
-43.865972,-19.772083,614,BV105,2004,MG,1,IGAM,Rio das Velhas
-43.8745,-19.700778,615,BV130,2004,MG,1,IGAM,Ribeirão da Mata
-43.790583,-19.610944,616,BV135,2004,MG,1,IGAM,Rio Taquaraçu
-43.911278,-19.558944,617,BV137,2004,MG,1,IGAM,Rio das Velhas
-43.829528,-20.021833,618,BV139,2004,MG,1,IGAM,Rio das Velhas
-44.029417,-19.230556,619,BV140,2004,MG,1,IGAM,Ribeirão Jequitibá
-44.038389,-19.010667,620,BV141,2004,MG,1,IGAM,Rio das Velhas
-44.191778,-18.671889,621,BV142,2004,MG,1,IGAM,Rio das Velhas
-44.050694,-18.644694,622,BV143,2004,MG,1,IGAM,Rio Paraúna
-44.348611,-18.217222,623,BV146,2004,MG,1,IGAM,Rio das Velhas
-44.536556,-18.124167,624,BV147,2004,MG,1,IGAM,Rio Bicudo
-44.714833,-17.5935,625,BV148,2004,MG,1,IGAM,Rio das Velhas
-44.813083,-17.206528,626,BV149,2004,MG,1,IGAM,Rio das Velhas
-44.232722,-18.305833,627,BV152,2004,MG,1,IGAM,Rio das Velhas
-43.844919,-19.714139,628,BV153,2004,MG,1,IGAM,Rio das Velhas
-43.878528,-19.814111,629,BV154,2004,MG,1,IGAM,Ribeirão do Onça
-43.858972,-19.880861,630,BV155,2004,MG,1,IGAM,Ribeirão Arrudas
-44.007028,-19.275778,631,BV156,2004,MG,1,IGAM,Rio das Velhas
-44.035831,-19.629717,632,BV160,2004,MG,1,IGAM,Ribeirão das Neves
-44.221833,-18.715639,633,BV161,2004,MG,1,IGAM,Ribeirão Santo Antônio
-43.994694,-18.684167,634,BV162,2004,MG,1,IGAM,Rio Cipó
-34.854736,-7.18818700000003,635,CA01,2004,PB,1,SUDEMA,Rio Cuiá
-34.839238,-7.19276100000002,636,CA02,2004,PB,1,SUDEMA,Rio Cuiá
-34.823837,-7.19894399999998,637,CA03,2004,PB,1,SUDEMA,Rio Cuiá
-34.804095,-7.204429,638,CA04,2004,PB,1,SUDEMA,Rio Cuiá
-51.379306,-29.630167,639,CA070CD000,2004,RS,1,FEPAM,Informação não disponível
-51.360111,-29.505222,640,CA092,2004,RS,1,FEPAM,Informação não disponível
-36.83428,-7.88763999999998,641,CA11,2004,PB,2,SUDEMA,Açude Camalaú (Camalaú)
-51.180556,-29.325278,642,CA136,2004,RS,1,FEPAM,Informação não disponível
-50.73825,-29.274722,643,CA210,2004,RS,1,FEPAM,Informação não disponível
-50.521333,-29.362917,644,CA245,2004,RS,1,FEPAM,Rio Santa Cruz
-53.674889,-16.192917,645,CAL019,2004,MT,1,SEMA,Córrego Aldeia
-46.7294,-23.9225,646,CAMO00900,2004,SP,2,CETESB,Reservatório Capivari-Monos
-40.219667,-20.217528,647,CAP1L004,2004,ES,2,IEMA,Lagoa de Carapebus
-40.210105,-20.228863,648,CAP1L006,2004,ES,2,IEMA,Lagoa de Carapebus
-48.02266597,-16.00148667,649,CAPALG001,2004,DF,1,CAESB,Rio Alagado
-48.18748407,-15.63463944,650,CAPBRC001,2004,DF,1,CAESB,Córrego Barrocão
-47.64304299,-15.59077417,651,CAPBRJ001,2004,DF,1,CAESB,Córrego Brejinho
-47.75325814,-15.76831444,652,CAPCCH001,2004,DF,1,CAESB,Córrego Cachoeirinha
-47.8875116,-15.65474833,653,CAPCNT001,2004,DF,1,CAESB,Ribeirão Contagem
-48.17233445,-15.65902917,654,CAPCON001,2004,DF,1,CAESB,Córrego Capão da Onça
-47.64273105,-15.68779417,655,CAPCQZ001,2004,DF,1,CAESB,Córrego Quinze
-47.73069217,-15.62180222,656,CAPCRG001,2004,DF,1,CAESB,Córrego Corguinho
-48.04497767,-15.99361417,657,CAPCRS001,2004,DF,1,CAESB,Córrego Crispim
-47.98883768,-15.95363,658,CAPCTB001,2004,DF,1,CAESB,Ribeirão do Gama
-47.99334417,-15.95901361,659,CAPCTB002,2004,DF,1,CAESB,Ribeirão do Gama
-47.8422208,-15.89786583,660,CAPCVD001,2004,DF,1,CAESB,Córrego Cabeça de Veado
-47.84922314,-15.89529722,661,CAPCVD002,2004,DF,1,CAESB,Córrego Cabeça de Veado
-47.85186535,-15.88826944,662,CAPCVD003,2004,DF,1,CAESB,Córrego Cabeça de Veado
-47.84804934,-15.88063667,663,CAPCVD004,2004,DF,1,CAESB,Córrego Cabeça de Veado
-48.26097427,-16.04137444,664,CAPENG001,2004,DF,1,CAESB,Ribeirão Engenho das Lajes
-47.67053827,-15.59176111,665,CAPFUM001,2004,DF,1,CAESB,Ribeirão Fumal
-48.07308392,-15.9630975,666,CAPODG001,2004,DF,1,CAESB,Córrego Olho d’Água
-48.11370338,-15.76915139,667,CAPPDR001,2004,DF,1,CAESB,Ribeirão das Pedras
-47.60386702,-15.656285,668,CAPPIP001,2004,DF,1,CAESB,Ribeirão Pipiripau
-47.86269587,-15.67611611,669,CAPPRZ001,2004,DF,1,CAESB,Córrego Paranoazinho
-48.05529452,-15.98527333,670,CAPPTR001,2004,DF,1,CAESB,Córrego Ponte de Terra
-48.06264026,-15.98895028,671,CAPPTR002,2004,DF,1,CAESB,Córrego Ponte de Terra
-48.07048342,-15.99032861,672,CAPPTR003,2004,DF,1,CAESB,Córrego Ponte de Terra
-47.91710313,-15.69528361,673,CAPTOR001,2004,DF,1,CAESB,Ribeirão do Torto
-47.80624155,-15.73656861,674,CAPTQR001,2004,DF,1,CAESB,Córrego Taquari
-37.84708,-6.52316999999999,675,CAR40,2004,PB,2,SUDEMA,Açude Carneiro (Jericó)
-45.4889,-23.7025,676,CARO02800,2004,SP,1,CETESB,Rio Claro
-38.932035,-4.56601799999999,677,CAS11,2004,CE,2,COGERH,Castro
-53.552217,-16.074411,678,CAS65,2004,MT,1,SEMA,Rio Cassununga
-49.9228,-22.2133,679,CASC02050,2004,SP,2,CETESB,Reservatório Cascata
-52.373806,-15.8775,680,CAV017,2004,MT,1,SEMA,Córrego Avoadeira
-40.067081,-4.21829100000002,681,CAX01,2004,CE,2,COGERH,Açude Caxitoré
-39.367489,-3.76716499999998,682,CAX02,2004,CE,2,COGERH,Caxitoré
-40.042036,-4.23334999999997,683,CAX03,2004,CE,2,COGERH,Açude Caxitoré
-39.385734,-3.76486899999998,684,CAX04,2004,CE,2,COGERH,Caxitoré
-40.045472,-4.28256099999999,685,CAX05,2004,CE,2,COGERH,Açude Caxitoré
-46.441944,-23.095278,686,CAXO02800,2004,SP,1,CETESB,Rio Cachoeira
-34.799982,-7.16677800000002,687,CB01,2004,PB,1,SUDEMA,Riacho Cabelo
-34.796783,-7.165931,688,CB02,2004,PB,1,SUDEMA,Riacho Cabelo
-34.796726,-7.16308400000003,689,CB03,2004,PB,1,SUDEMA,Riacho Cabelo
-35.16216,-8.03758599999998,690,CB65,2004,PE,2,CPRH,Rio Tapacurá
-55.697583,-14.473833,691,CBA01,2004,MT,1,SEMA,Rio Cuiabá
-56.251167,-14.695806,692,CBA03,2004,MT,1,SEMA,Rio Cuiabá
-56.385694,-15.204111,693,CBA06,2004,MT,1,SEMA,Rio Cuiabá
-55.847361,-14.542036,694,CBA134,2004,MT,1,SEMA,Rio Cuiabá
-56.327444,-14.753083,695,CBA224,2004,MT,1,SEMA,Rio Cuiabá
-56.414167,-14.832831,696,CBA269,2004,MT,1,SEMA,Rio Cuiabá
-56.366833,-15.204506,697,CBA342,2004,MT,1,SEMA,Rio Cuiabá
-56.141619,-15.564867,698,CBA406,2004,MT,1,SEMA,Rio Cuiabá
-56.106258,-15.616139,699,CBA408,2004,MT,1,SEMA,Rio Cuiabá
-56.076439,-15.640461,700,CBA415,2004,MT,1,SEMA,Rio Cuiabá
-56.069892,-15.650058,701,CBA417,2004,MT,1,SEMA,Rio Cuiabá
-56.142942,-15.780842,702,CBA437,2004,MT,1,SEMA,Rio Cuiabá
-56.076756,-15.870389,703,CBA464,2004,MT,1,SEMA,Rio Cuiabá
-56.029797,-15.913394,704,CBA561,2004,MT,1,SEMA,Rio Cuiabá
-56.543617,-16.314725,705,CBA671,2004,MT,1,SEMA,Rio Cuiabá
-34.970379,-7.09434099999999,706,CC01,2004,PB,1,SUDEMA,Informação não disponível
-34.974985,-7.085733,707,CC01A,2004,PB,1,SUDEMA,Informação não disponível
-34.967219,-7.09404699999999,708,CC02,2004,PB,1,SUDEMA,Informação não disponível
-34.950801,-7.08965999999998,709,CC03,2004,PB,1,SUDEMA,Informação não disponível
-38.549248,-7.56058400000001,710,CD24,2004,PB,2,SUDEMA,Açude Condado (Conceição)
-46.4525,-23.8767,711,CFUG02900,2004,SP,1,CETESB,Canal de Fuga II da UHE Henry Borden
-38.2397,-7.32594,712,CHA29,2004,PB,2,SUDEMA,Açude Cachoeira dos Alves (Itaporanga)
-37.67036,-7.07756000000001,713,CHC33,2004,PB,2,SUDEMA,Açude Cachoeira dos Cegos (Catingueira)
-35.062678,-6.60977100000002,714,CM01,2004,PB,1,SUDEMA,Rio Camaratuba
-35.042041,-6.59955000000002,715,CM02,2004,PB,1,SUDEMA,Rio Camaratuba
-34.965927,-6.60209900000001,716,CM03,2004,PB,1,SUDEMA,Rio Camaratuba
-46.641111,-22.740556,717,CMDC02050,2004,SP,1,CETESB,Rio Camanducaia
-46.695,-22.704722,718,CMDC02100,2004,SP,1,CETESB,Rio Camanducaia
-46.749444,-22.7025,719,CMDC02300,2004,SP,1,CETESB,Rio Camanducaia
-46.880833,-22.689167,720,CMDC02400,2004,SP,1,CETESB,Rio Camanducaia
-47.0031,-22.6617,721,CMDC02900,2004,SP,1,CETESB,Rio Camanducaia
-36.67933,-7.81849999999997,722,CO12,2004,PB,2,SUDEMA,Açude Cordeiro (Congo)
-52.276642,-15.899922,723,COF026,2004,MT,1,SEMA,Córrego Fundo
-46.9675,-23.6533,724,COGR00900,2004,SP,2,CETESB,Reservatório das Graças
-46.881388,-23.598888,725,COTI03800,2004,SP,1,CETESB,Rio Cotia
-46.8625,-23.5403,726,COTI03900,2004,SP,1,CETESB,Rio Cotia
-37.41617,-7.16224999999997,727,CP34,2004,PB,2,SUDEMA,Açude Capoeira (Santa Terezinha)
-38.888544,-3.67189999999999,728,CPE01,2004,CE,2,COGERH,Canal do Pecém
-46.8525,-23.115,729,CPIV02030,2004,SP,1,CETESB,Rio Capivari
-46.922222,-23.101667,730,CPIV02060,2004,SP,1,CETESB,Rio Capivari
-46.803611,-22.988056,731,CPIV02100,2004,SP,1,CETESB,Rio Capivari
-47.1,-23.0061,732,CPIV02130,2004,SP,1,CETESB,Rio Capivari
-47.243611,-22.955,733,CPIV02160,2004,SP,1,CETESB,Rio Capivari
-47.2975,-22.9594,734,CPIV02200,2004,SP,1,CETESB,Rio Capivari
-47.531111,-22.999444,735,CPIV02700,2004,SP,1,CETESB,Rio Capivari
-47.7547,-22.9892,736,CPIV02900,2004,SP,1,CETESB,Rio Capivari
-37.94725,-7.02811000000003,737,CR05,2004,PB,2,SUDEMA,Açude Coremas (Coremas)
-46.8247,-23.3317,738,CRIS03400,2004,SP,1,CETESB,Ribeirão dos Cristais
-47.6675,-22.129722,739,CRUM02050,2004,SP,1,CETESB,Rio Corumbataí
-47.57,-22.346944,740,CRUM02100,2004,SP,1,CETESB,Rio Corumbataí
-47.6239,-22.515,741,CRUM02200,2004,SP,1,CETESB,Rio Corumbataí
-47.683611,-22.581389,742,CRUM02300,2004,SP,1,CETESB,Rio Corumbataí
-47.6828,-22.6336,743,CRUM02500,2004,SP,1,CETESB,Rio Corumbataí
-47.676944,-22.684444,744,CRUM02900,2004,SP,1,CETESB,Rio Corumbataí
-38.17544,-7.68686000000002,745,CTII58,2004,PB,2,SUDEMA,Açude Catolé II (MAnaira)
-38.455213,-5.51998700000001,746,CTR01,2004,CE,2,COGERH,Canal do Trabalhador
-38.456404,-5.51105899999999,747,CTR02,2004,CE,2,COGERH,Canal do Trabalhador
-38.457223,-5.50370600000002,748,CTR03,2004,CE,2,COGERH,Canal do Trabalhador
-38.45412,-5.49165299999999,749,CTR04,2004,CE,2,COGERH,Canal do Trabalhador
-38.347775,-4.33382699999999,750,CTR05,2004,CE,2,COGERH,Canal do Trabalhador
-38.134319,-4.48193500000002,751,CTR06,2004,CE,2,COGERH,Canal do Trabalhador
-38.719592,-4.79846300000003,752,CTR07,2004,CE,2,COGERH,Canal do Trabalhador
-46.4553,-23.8883,753,CUBA02700,2004,SP,1,CETESB,Rio Cubatão
-46.4136,-23.8828,754,CUBA03900,2004,SP,1,CETESB,Rio Cubatão
-45.163889,-23.490833,755,CURO02900,2004,SP,1,CETESB,Rio Escuro
-45.057222,-23.411389,756,DAIA02900,2004,SP,1,CETESB,Rio Indaiá
-38.47531,-5.50828999999999,757,DIS00,2004,CE,2,COGERH,Adutora Distrito Industrial
-47.2142,-22.4933,758,DREZ02600,2004,SP,1,CETESB,Córrego do Xadrez
-45.2325,-23.545833,759,DUBA02900,2004,SP,1,CETESB,Rio Maranduba
-46.8247,-23.5244,760,DUVA04900,2004,SP,1,CETESB,Rio Aricanduva
-38.45347,-6.99450000000002,761,EA01,2004,PB,2,SUDEMA,Açude Engenheiro Ávido (Cajazeiras)
-40.101273,-5.99530700000003,762,EDQ01,2004,CE,2,COGERH,Informação não disponível
-40.060478,-4.23314299999998,763,EDQ02,2004,CE,2,COGERH,Edson Queiroz
-40.041675,-4.23295100000001,764,EDQ03,2004,CE,2,COGERH,Edson Queiroz
-40.058899,-4.257992,765,EDQ04,2004,CE,2,COGERH,Edson Queiroz
-40.045111,-4.28216200000003,766,EDQ05,2004,CE,2,COGERH,Edson Queiroz
-46.8089,-23.8261,767,EMGU00800,2004,SP,1,CETESB,Rio Embu-Guaçu
-46.7853,-23.7206,768,EMMI02900,2004,SP,1,CETESB,Rio Embu-Mirim
-37.58633,-6.91530999999998,769,ENGAV04,2004,PB,2,SUDEMA,Açude Engenheiro Arco Verde (Condado)
-36.13917,-7.38616999999999,770,EP17,2004,PB,2,SUDEMA,Açude Epitácio Pessoa (Boqueirão)
-47.1819,-22.3542,771,ERAZ02700,2004,SP,1,CETESB,Ribeirão Ferraz
-47.1817,-22.2961,772,ERAZ02990,2004,SP,1,CETESB,Ribeirão Ferraz
-38.34936837,-4.09538800000001,773,ERE99,2004,CE,2,COGERH,Barragem Ererê
-37.54983,-6.19850000000002,774,ESC37,2004,PB,2,SUDEMA,Açude Escondido (Belem do Brejo do Cruz)
-48.2321,-15.7783,775,ETARDE001,2004,DF,1,CAESB,Informação não disponível
-37.24639,-7.07758000000001,776,FA42,2004,PB,2,SUDEMA,Açude Farinha (Patos)
-40.439424,-5.41366900000003,777,FOR01,2004,CE,2,COGERH,Informação não disponível
-40.43398,-5.42008399999997,778,FOR02,2004,CE,2,COGERH,Informação não disponível
-40.431061,-5.42992199999998,779,FOR03,2004,CE,2,COGERH,Informação não disponível
-40.237149,-3.795006,780,FOR04,2004,CE,2,COGERH,Forquilha
-40.42962,-20.338316,781,FOR1C001,2004,ES,1,IEMA,Rio Formate
-40.408424,-20.353205,782,FOR1C010,2004,ES,1,IEMA,Rio Formate
-40.405041,-20.370957,783,FOR1C012,2004,ES,1,IEMA,Rio Formate
-40.370848,-20.398982,784,FOR1C015,2004,ES,1,IEMA,Rio Formate
-40.411926,-20.348515,785,FOR1E008,2004,ES,1,IEMA,Rio Formate
-38.80556,-4.19499999999999,786,FRI01,2004,CE,2,COGERH,Açude Frios
-39.308041,-3.689775,787,FRI02,2004,CE,2,COGERH,Frios
-39.312988,-3.69761699999998,788,FRI03,2004,CE,2,COGERH,Frios
-39.327831,-3.70450499999998,789,FRI04,2004,CE,2,COGERH,Frios
-46.4044,-23.7461,790,GADE02900,2004,SP,1,CETESB,Rio Grande ou Jurubatuba
-53.4165,-16.616944,791,GAR144,2004,MT,1,SEMA,Rio das Garças
-53.52425,-16.422228,792,GAR158,2004,MT,1,SEMA,Rio das Garças
-53.601083,-16.220778,793,GAR199,2004,MT,1,SEMA,Rio das Garças
-53.548361,-16.077583,794,GAR224,2004,MT,1,SEMA,Rio das Garças
-53.3335,-15.939222,795,GAR271,2004,MT,1,SEMA,Rio das Garças
-53.137028,-15.758833,796,GAR313,2004,MT,1,SEMA,Rio das Garças
-46.8372,-23.4058,797,JQRI03800,2004,SP,1,CETESB,Rio Juqueri
-37.09777,-7.28582,798,JR50,2004,PB,2,SUDEMA,Açude Jeremias (Desterro)
-37.26967,-7.06144,799,JT41,2004,PB,2,SUDEMA,Açude Jatobá (Patos)
-37.98903,-7.71897000000001,800,JTII57,2004,PB,2,SUDEMA,Açude Jatobá II (Princesa Isabel)
-46.770833,-23.121667,801,JUMI00100,2004,SP,1,CETESB,Ribeirão Jundiaí-Mirim
-46.806111,-23.146389,802,JUMI00250,2004,SP,1,CETESB,Ribeirão Jundiaí-Mirim
-46.851111,-23.145278,803,JUMI00500,2004,SP,1,CETESB,Ribeirão Jundiaí-Mirim
-46.909444,-23.158333,804,JUMI00800,2004,SP,1,CETESB,Ribeirão Jundiaí-Mirim
-46.768611,-23.208333,805,JUNA02010,2004,SP,1,CETESB,Rio Jundiaí
-46.7731,-23.2036,806,JUNA02020,2004,SP,1,CETESB,Rio Jundiaí
-46.808333,-23.208056,807,JUNA02100,2004,SP,1,CETESB,Rio Jundiaí
-46.866389,-23.197778,808,JUNA04150,2004,SP,1,CETESB,Rio Jundiaí
-47.022778,-23.146944,809,JUNA04190,2004,SP,1,CETESB,Rio Jundiaí
-47.084722,-23.138333,810,JUNA04200,2004,SP,1,CETESB,Rio Jundiaí
-47.1733,-23.1072,811,JUNA04270,2004,SP,1,CETESB,Rio Jundiaí
-47.268611,-23.195,812,JUNA04700,2004,SP,1,CETESB,Rio Jundiaí
-47.2911,-23.21,813,JUNA04900,2004,SP,1,CETESB,Rio Jundiaí
-47.0925,-23.9414,814,JUQI00800,2004,SP,1,CETESB,Rio Juquiá
-47.6381,-24.3222,815,JUQI02900,2004,SP,1,CETESB,Rio Juquiá
-49.001111111,-23.260833,816,JURU02500,2004,SP,2,CETESB,Reservatório Jurumirim
-34.845054,-7.16215999999997,817,LA01,2004,PB,1,SUDEMA,Informação não disponível
-38.56889,-6.79817000000003,818,LA02,2004,PB,2,SUDEMA,Açude Lagoa do Arroz (Cajazeiras)
-50.0564,-21.4361,819,LAGE02500,2004,SP,1,CETESB,Ribeirão Lageado
-46.547222,-22.903333,820,LAPE04900,2004,SP,1,CETESB,Ribeirão Lavapés
-48.8039,-22.5969,821,LENS02500,2004,SP,1,CETESB,Rio Lençóis
-40.818027,-20.925897,822,LGD1L001,2004,ES,2,IEMA,Lagoa Guanandi
-40.825179,-20.92582,823,LGD1L002,2004,ES,2,IEMA,Lagoa Guanandi
-40.239385,-20.169598,824,LJA1L001,2004,ES,2,IEMA,Lagoa Jacuném
-40.220146,-20.167465,825,LJA1L020,2004,ES,2,IEMA,Lagoa Jacuném
-40.215526,-20.130544,826,LJU1L001,2004,ES,2,IEMA,Lagoa Juara
-36.75953,-7.16519,827,LM48,2004,PB,2,SUDEMA,Açude Lagoa do Meio (Taperoá)
-40.20011,-20.204971,828,MAN1C001,2004,ES,1,IEMA,Rio Manguinhos
-40.358509,-20.35444,829,MAR1C010,2004,ES,1,IEMA,Rio Marinho
-40.354245,-20.338961,830,MAR1C020,2004,ES,1,IEMA,Rio Marinho
-45.554376,-23.794417,831,MARE02900,2004,SP,1,CETESB,Rio Maresias
-34.922666,-7.19858399999998,832,MB01,2004,PB,1,SUDEMA,Rio Mumbaba
-34.909317,-7.20817799999998,833,MB02,2004,PB,1,SUDEMA,Rio Mumbaba
-34.907749,-7.21195499999999,834,MB03,2004,PB,1,SUDEMA,Rio Mumbaba
-34.858201,-7.061623,835,MC01,2004,PB,1,SUDEMA,Rio Mandacarú
-45.235556,-16.688333,836,PT013,2004,MG,1,IGAM,Rio Paracatu
-46.0139,-23.2039,837,PTEI02900,2004,SP,1,CETESB,Rio Paratei
-45.364444,-23.81,838,QLOM02950,2004,SP,1,CETESB,Rio Quilombo
-37.96906,-7.39314000000002,839,QU31,2004,PB,2,SUDEMA,Açude Queimadas (Santana dos Garrotes)
-47.4808,-22.1417,840,QUEM02300,2004,SP,1,CETESB,Ribeirão do Moquem
-48.747778,-17.774694,841,QUEP01,2004,GO,1,SEMARH,Informação não disponível
-48.756333,-17.772611,842,QUEP02,2004,GO,1,SEMARH,Informação não disponível
-48.771556,-17.775306,843,QUEP03,2004,GO,1,SEMARH,Informação não disponível
-48.784528,-17.779028,844,QUEP04,2004,GO,1,SEMARH,Informação não disponível
-47.198611,-22.818611,845,QUIL03200,2004,SP,1,CETESB,Rio Quilombo
-47.333889,-22.714444,846,QUIL03900,2004,SP,1,CETESB,Rio Quilombo
-53.547583,-16.408444,847,RAS44,2004,MT,1,SEMA,Ribeirão Água Suja
-34.892715,-7.063174,848,RB01,2004,PB,1,SUDEMA,Rio Ribeira
-37.65172,-6.43203,849,RC39,2004,PB,2,SUDEMA,Açude Riacho dos Cavalos (Riacho dos Cavalos)
-43.30075,-20.691944,850,RD001,2004,MG,1,IGAM,Rio Piranga
-43.115833,-20.785278,851,RD004,2004,MG,1,IGAM,Rio Xopotó
-43.091944,-20.671944,852,RD007,2004,MG,1,IGAM,Rio Piranga
-43.318056,-20.351389,853,RD009,2004,MG,1,IGAM,Rio do Carmo
-42.903889,-20.383889,854,RD013,2004,MG,1,IGAM,Rio Piranga
-42.629722,-20.098056,855,RD018,2004,MG,1,IGAM,Rio Casca
-42.752222,-20.021944,856,RD019,2004,MG,1,IGAM,Rio Doce
-42.441111,-20.100278,857,RD021,2004,MG,1,IGAM,Rio Matipó
-42.485,-19.759722,858,RD023,2004,MG,1,IGAM,Rio Doce
-43.178611,-19.941667,859,RD025,2004,MG,1,IGAM,Rio Piracicaba
-43.12,-19.835278,860,RD026,2004,MG,1,IGAM,Rio Piracicaba
-43.233333,-19.81,861,RD027,2004,MG,1,IGAM,Rio Santa Bárbara
-43.044167,-19.766944,862,RD029,2004,MG,1,IGAM,Rio Piracicaba
-43.026389,-19.750556,863,RD030,2004,MG,1,IGAM,Rio do Peixe
-42.6575,-19.530833,864,RD031,2004,MG,1,IGAM,Rio Piracicaba
-42.8025,-19.618333,865,RD032,2004,MG,1,IGAM,Rio Piracicaba
-42.374444,-19.323333,866,RD033,2004,MG,1,IGAM,Rio Doce
-42.603333,-19.530556,867,RD034,2004,MG,1,IGAM,Rio Piracicaba
-42.494167,-19.488611,868,RD035,2004,MG,1,IGAM,Rio Doce
-42.343056,-19.223611,869,RD039,2004,MG,1,IGAM,Rio Santo Antônio
-42.1625,-19.020833,870,RD040,2004,MG,1,IGAM,Rio Corrente Grande
-41.952778,-18.883333,871,RD044,2004,MG,1,IGAM,Rio Doce
-41.835,-18.868333,872,RD045,2004,MG,1,IGAM,Rio Doce
-41.920556,-18.576667,873,RD049,2004,MG,1,IGAM,Rio Suaçuí Grande
-41.646944,-18.974667,874,RD053,2004,MG,1,IGAM,Rio Doce
-42.132833,-19.726667,875,RD056,2004,MG,1,IGAM,Rio Caratinga
-41.525556,-19.067222,876,RD057,2004,MG,1,IGAM,Rio Caratinga
-47.2703,-22.0972,877,MEIO02900,2004,SP,1,CETESB,Ribeirão do Meio
-35.134415,-6.85417899999999,878,MM01,2004,PB,1,SUDEMA,Rio Mamanguape
-35.069282,-6.81844799999999,879,MM02,2004,PB,1,SUDEMA,Rio Mamanguape
-34.924467,-6.77546000000001,880,MM03,2004,PB,1,SUDEMA,Rio Mamanguape
-36.83901,-7.21222999999998,881,MM49,2004,PB,2,SUDEMA,Açude Manoel Marcionilo (Taperoá)
-46.899722,-22.378333,882,MOCA02990,2004,SP,2,CETESB,Reservatório Cachoeira de Cima
-45.319167,-23.578056,883,MOCO02900,2004,SP,1,CETESB,Rio Mocooca
-46.6919,-22.2658,884,MOGU02100,2004,SP,1,CETESB,Rio Mogi-Guaçu
-46.9697,-22.3636,885,MOGU02160,2004,SP,1,CETESB,Rio Mogi-Guaçu
-47.0042,-22.3508,886,MOGU02180,2004,SP,1,CETESB,Rio Mogi-Guaçu
-47.1322,-22.2989,887,MOGU02200,2004,SP,1,CETESB,Rio Mogi-Guaçu
-47.1853,-22.2892,888,MOGU02210,2004,SP,1,CETESB,Rio Mogi-Guaçu
-47.2031,-22.2725,889,MOGU02220,2004,SP,1,CETESB,Rio Mogi-Guaçu
-47.099444,-22.148056,890,MOGU02240,2004,SP,1,CETESB,Rio Mogi-Guaçu
-47.2553,-22.0964,891,MOGU02250,2004,SP,1,CETESB,Rio Mogi-Guaçu
-47.2558,-22.0972,892,MOGU02260,2004,SP,1,CETESB,Rio Mogi-Guaçu
-47.3197,-21.9417,893,MOGU02300,2004,SP,1,CETESB,Rio Mogi-Guaçu
-47.032778,-21.925556,894,MOGU02340,2004,SP,2,CETESB,Rio Mogi-Guaçu
-47.3683,-21.9256,895,MOGU02350,2004,SP,1,CETESB,Rio Mogi-Guaçu
-47.4947,-21.8436,896,MOGU02450,2004,SP,1,CETESB,Rio Mogi-Guaçu
-47.6392,-21.7242,897,MOGU02490,2004,SP,1,CETESB,Rio Mogi-Guaçu
-48.1722,-21.0122,898,MOGU02900,2004,SP,1,CETESB,Rio Mogi-Guaçu
-46.3808,-23.8531,899,MOJI02800,2004,SP,1,CETESB,Rio Moji
-46.9389,-22.4525,900,MOMI02400,2004,SP,1,CETESB,Rio Mogi Mirim
-46.9719,-22.3944,901,MOMI03800,2004,SP,1,CETESB,Rio Mogi Mirim
-55.291,-15.8066,902,MOR007,2004,MT,1,SEMA,Rio das Mortes
-55.299389,-15.671139,903,MOR023,2004,MT,1,SEMA,Rio das Mortes
-55.226611,-15.504944,904,MOR093,2004,MT,1,SEMA,Rio das Mortes
-54.175667,-15.313528,905,MOR288,2004,MT,1,SEMA,Rio das Mortes
-52.3585,-14.671694,906,MOR631,2004,MT,1,SEMA,Rio das Mortes
-46.8569,-23.5969,907,MOVE03500,2004,SP,1,CETESB,Ribeirão Moinho Velho
-35.095246,-6.93944499999998,908,MR01,2004,PB,1,SUDEMA,Rio Mirirí
-34.902693,-6.86436600000002,909,MR02,2004,PB,1,SUDEMA,Rio Mirirí
-34.91047,-7.15469999999999,910,MR19,2004,PB,2,SUDEMA,Açude Marés (João Pessoa)
-34.902426,-7.18606599999998,911,MS00,2004,PB,1,SUDEMA,Riacho Mussuré
-34.90345,-7.18616100000003,912,MS01,2004,PB,1,SUDEMA,Riacho Mussuré
-34.907102,-7.187185,913,MS01A,2004,PB,1,SUDEMA,Riacho Mussuré
-34.91358,-7.19707599999998,914,MS02,2004,PB,1,SUDEMA,Riacho Mussuré
-34.919722,-7.200332,915,MS03,2004,PB,1,SUDEMA,Riacho Mussuré
-41.312222,-17.494444,916,MU001,2004,MG,1,IGAM,Rio Mucuri
-41.238333,-17.401667,917,MU003,2004,MG,1,IGAM,Ribeirão Marambaia
-41.237722,-17.491944,918,MU005,2004,MG,1,IGAM,Rio Mucuri
-41.687722,-17.841417,919,MU006,2004,MG,1,IGAM,Rio Todos os Santos
-41.306222,-17.882694,920,MU007,2004,MG,1,IGAM,Rio Todos os Santos
-40.72175,-17.704333,921,MU009,2004,MG,1,IGAM,Rio Mucuri
-40.609167,-17.706111,922,MU011,2004,MG,1,IGAM,Rio Pampã
-40.340556,-17.838139,923,MU013,2004,MG,1,IGAM,Rio Mucuri
-36.6603,-7.13470000000001,924,MU45,2004,PB,2,SUDEMA,Açude Mucutu (Juazeirinho)
-46.793333,-24.187778,925,NAEM02900,2004,SP,1,CETESB,Rio Itanhaém
-46.58,-23.5192,926,NINO04900,2004,SP,1,CETESB,Ribeirão dos Meninos
-45.356389,-23.777778,927,NSRA02900,2004,SP,1,CETESB,Rio Nossa Senhora da Ajuda
-47.1,-22.765556,928,NUMA04900,2004,SP,1,CETESB,Ribeirão Anhumas
-48.7919,-21.0781,929,ONCA02500,2004,SP,1,CETESB,Ribeirão da Onça
-47.3039,-22.0272,930,OQUE02900,2004,SP,1,CETESB,Ribeirão do Roque
-47.043611,-22.283611,931,ORIZ02900,2004,SP,1,CETESB,Rio Oriçanga
-44.431694,-20.631722,932,PA001,2004,MG,1,IGAM,Rio Pará
-44.618611,-20.5175,933,PA002,2004,MG,1,IGAM,Ribeirão Lava-pés ou Ribeirão Paiol
-44.629722,-20.406111,934,PA003,2004,MG,1,IGAM,Rio Pará
-44.917833,-20.217167,935,PA004,2004,MG,1,IGAM,Rio Itapecerica
-44.842917,-20.105944,936,PA005,2004,MG,1,IGAM,Rio Pará
-44.873889,-20.11275,937,PA007,2004,MG,1,IGAM,Rio Itapecerica
-44.607722,-20.059944,938,PA009,2004,MG,1,IGAM,Rio São João
-44.707417,-19.788972,939,PA010,2004,MG,1,IGAM,Ribeirão Paciência
-44.858028,-19.723639,940,PA011,2004,MG,1,IGAM,Rio São João
-44.929611,-19.6945,941,PA013,2004,MG,1,IGAM,Rio Pará
-45.021694,-19.530472,942,PA015,2004,MG,1,IGAM,Rio Lambari
-45.221778,-19.331389,943,PA017,2004,MG,1,IGAM,Rio do Picão
-45.132778,-19.27,944,PA019,2004,MG,1,IGAM,Rio Pará
-38.463881,-4.28419200000002,945,PAC06,2004,CE,2,COGERH,Açude Pacajus
-49.6203,-22.9047,946,PADO02500,2004,SP,1,CETESB,Rio Pardo
-49.8672,-22.9539,947,PADO02600,2004,SP,1,CETESB,Rio Pardo
-56.395933,-14.476092,948,PAR017,2004,MT,1,SEMA,Rio Paraguai
-56.485072,-14.503461,949,PAR041,2004,MT,1,SEMA,Rio Paraguai
-57.199586,-15.089042,950,PAR237,2004,MT,1,SEMA,Rio Paraguai
-57.702208,-16.067867,951,PAR505,2004,MT,1,SEMA,Rio Paraguai
-57.708733,-16.081622,952,PAR508,2004,MT,1,SEMA,Rio Paraguai
-45.8867,-23.3556,953,PARB02050,2004,SP,1,CETESB,Rio Paraíba do Sul
-45.8997,-23.3681,954,PARB02100,2004,SP,1,CETESB,Rio Paraíba do Sul
-45.9722,-23.3133,955,PARB02200,2004,SP,1,CETESB,Rio Paraíba do Sul
-45.93,-23.195,956,PARB02300,2004,SP,1,CETESB,Rio Paraíba do Sul
-45.9178,-23.1878,957,PARB02310,2004,SP,1,CETESB,Rio Paraíba do Sul
-45.7111,-23.0817,958,PARB02400,2004,SP,1,CETESB,Rio Paraíba do Sul
-45.5528,-22.9611,959,PARB02490,2004,SP,1,CETESB,Rio Paraíba do Sul
-45.4703,-22.9117,960,PARB02530,2004,SP,1,CETESB,Rio Paraíba do Sul
-45.2344,-22.8444,961,PARB02600,2004,SP,1,CETESB,Rio Paraíba do Sul
-45.1194,-22.7033,962,PARB02700,2004,SP,1,CETESB,Rio Paraíba do Sul
-44.7739,-22.5422,963,PARB02900,2004,SP,1,CETESB,Rio Paraíba do Sul
-46.8358,-21.5722,964,PARD02010,2004,SP,1,CETESB,Rio Pardo
-47.0433,-21.6233,965,PARD02100,2004,SP,1,CETESB,Rio Pardo
-47.7622,-21.01,966,PARD02500,2004,SP,1,CETESB,Rio Pardo
-48.0278,-20.9661,967,PARD02600,2004,SP,1,CETESB,Rio Pardo
-48.4542,-20.4503,968,PARD02800,2004,SP,1,CETESB,Rio Pardo
-51.6233,-20.7908,969,PARN02100,2004,SP,2,CETESB,Rio Paraná
-52.9572,-22.4767,970,PARN02900,2004,SP,2,CETESB,Rio Paraná
-48.4944,-23.5911,971,PARP02100,2004,SP,1,CETESB,Rio Paranapanema
-49.9075,-22.9983,972,PARP02500,2004,SP,1,CETESB,Rio Paranapanema
-51.3883,-22.6611,973,PARP02750,2004,SP,1,CETESB,Rio Paranapanema
-52.8744,-22.5972,974,PARP02900,2004,SP,1,CETESB,Rio Paranapanema
-34.892134,-7.09587800000003,975,PB00,2004,PB,1,SUDEMA,Rio Paraíba
-34.872853,-7.07499899999999,976,PB01D,2004,PB,1,SUDEMA,Rio Paraíba
-34.873896,-7.07352100000003,977,PB01E,2004,PB,1,SUDEMA,Rio Paraíba
-34.871225,-6.98942199999999,978,PB02,2004,PB,1,SUDEMA,Rio Paraíba
-34.847462,-7.01382599999999,979,PB03,2004,PB,1,SUDEMA,Rio Paraíba
-34.857928,-6.97140899999999,980,PB04,2004,PB,1,SUDEMA,Rio Paraíba
-36.99711,-7.88871,981,PÇ09,2004,PB,2,SUDEMA,Açude Poções (Monteiro)
-47.3228,-22.7108,982,PCAB02100,2004,SP,1,CETESB,Rio Piracicaba
-47.3872,-22.6975,983,PCAB02135,2004,SP,1,CETESB,Rio Piracicaba
-47.5828,-22.6889,984,PCAB02192,2004,SP,1,CETESB,Rio Piracicaba
-47.6494,-22.7122,985,PCAB02220,2004,SP,1,CETESB,Rio Piracicaba
-47.671944,-22.695556,986,PCAB02300,2004,SP,1,CETESB,Rio Piracicaba
-47.7775,-22.6919,987,PCAB02800,2004,SP,1,CETESB,Rio Piracicaba
-48.1742,-22.6289,988,PCBP02500,2004,SP,1,CETESB,Braço do Rio Piracicaba
-40.722094,-6.19417499999997,989,PCT18,2004,CE,2,COGERH,Açude Pacoti
-42.536667,-15.193389,990,PD001,2004,MG,1,IGAM,Rio Pardo
-42.172139,-15.702917,991,PD003,2004,MG,1,IGAM,Rio Pardo
-41.235278,-15.511389,992,PD005,2004,MG,1,IGAM,Rio Pardo
-46.124444,-23.595278,993,PEBA00100,2004,SP,2,CETESB,Reservatório Taiaçupeba
-46.2883,-23.5792,994,PEBA00900,2004,SP,2,CETESB,Reservatório Taiaçupeba
-46.8858,-23.5769,995,PEDA03900,2004,SP,1,CETESB,Ribeirão das Pedras
-50.05,-22.3044,996,PEIX02100,2004,SP,1,CETESB,Rio do Peixe
-51.7028,-21.6044,997,PEIX02800,2004,SP,1,CETESB,Rio do Peixe
-45.105833,-23.486944,998,PEMI02900,2004,SP,1,CETESB,Rio Perequê-Mirim
-46.4178,-23.8683,999,PERE02900,2004,SP,1,CETESB,Rio Perequê
-39.241193,-3.80906900000002,1000,PET02,2004,CE,2,COGERH,Pentecoste
-39.14256128,-4.83930199999998,1001,PET03,2004,CE,2,COGERH,Pentecoste
-39.146034,-4.84331800000001,1002,PET04,2004,CE,2,COGERH,Açude Pentecoste
-39.15082288,-4.841499,1003,PET05,2004,CE,2,COGERH,Pentecoste
-39.144855,-4.85167799999999,1004,PET06,2004,CE,2,COGERH,Açude Pentecoste
-47.006111,-24.328889,1005,PETO02900,2004,SP,1,CETESB,Rio Preto
-47.25,-22.0483,1006,PEVA02900,2004,SP,1,CETESB,Rio da Itupeva
-36.7055,-5.97689200000002,1007,PIA03,2004,RN,2,IGARN,Açude Rio da Pedra
-37.148368,-6.63510100000002,1008,PIA05,2004,RN,2,IGARN,açude Carnaúba
-36.792944,-6.41058299999997,1009,PIA06,2004,RN,2,IGARN,Açude Cruzeta
-36.6,-6.41669999999999,1010,PIA07,2004,RN,2,IGARN,Açude Gargalheiras
-36.506306,-6.24824999999998,1011,PIA09,2004,RN,2,IGARN,Açude Dourado
-36.749167,-6.59649999999999,1012,PIA10,2004,RN,2,IGARN,AÇUDE ZANGALHEIRAS
-36.9667,-5.68329999999997,1013,PIA13,2004,RN,2,IGARN,Açude Mendubim
-37.076282,-5.76879000000002,1014,PIA14,2004,RN,2,IGARN,Açude Beldroega
-37.2,-6.64999999999998,1015,PIA20,2004,RN,2,IGARN,Açude Santo Antônio
-37.066159,-6.49186900000001,1016,PIA21,2004,RN,2,IGARN,Açude Itans
-36.63,-6.69,1017,PIA23,2004,RN,2,IGARN,Boqueirão de Parelhas
-46.3925,-23.8575,1018,PIAC02700,2004,SP,1,CETESB,Rio Piaçaguera
-47.275833,-22.659722,1019,PIAL02900,2004,SP,1,CETESB,Ribeirão do Pinhal
-47.629444,-22.699167,1020,PIMI02900,2004,SP,1,CETESB,Ribeirão Piracicamirim
-46.6739,-23.7025,1021,PINH04100,2004,SP,1,CETESB,Rio Pinheiros
-46.7483,-23.5311,1022,PINH04900,2004,SP,1,CETESB,Rio Pinheiros
-46.981667,-23.010556,1023,PINO02100,2004,SP,1,CETESB,Ribeirão Pinheiros
-46.960833,-22.914722,1024,PINO03900,2004,SP,1,CETESB,Ribeirão Pinheiros
-38.44586,-7.50630999999998,1025,PIR26,2004,PB,2,SUDEMA,Açude Piranhas (Ibiara)
-46.4292,-23.7144,1026,PIRE02900,2004,SP,1,CETESB,Ribeirão Pires
-34.916294,-7.11644699999999,1027,PR01,2004,PB,1,SUDEMA,Rio Paroeiras
-49.355,-20.6278,1028,PRET02300,2004,SP,1,CETESB,Rio Preto
-49.6361,-20.2944,1029,PRET02800,2004,SP,1,CETESB,Rio Preto
-40.390221,-19.765635,1030,PRQ1C005,2004,ES,1,IEMA,Rio Piraquê-Açu
-40.369221,-19.76408,1031,PRQ1C010,2004,ES,1,IEMA,Rio Piraquê-Açu
-46.354611,-17.663722,1032,PT001,2004,MG,1,IGAM,Rio da Prata
-46.570556,-17.501111,1033,PT003,2004,MG,1,IGAM,Rio Paracatu
-46.770944,-17.304472,1034,PT005,2004,MG,1,IGAM,Córrego Rico
-46.719444,-16.533333,1035,PT007,2004,MG,1,IGAM,Rio Preto
-46.014472,-17.029167,1036,PT009,2004,MG,1,IGAM,Rio Paracatu
-45.5315,-17.350722,1037,PT011,2004,MG,1,IGAM,Rio do Sono
-46.163333,-23.836111,1038,IPAU02900,2004,SP,1,CETESB,Rio Itapanhaú
-46.9583,-22.2681,1039,IPPE02900,2004,SP,1,CETESB,Córrego do Ipê
-47.057778,-23.261944,1040,IRIS02100,2004,SP,1,CETESB,Rio Piraí
-47.073333,-23.247778,1041,IRIS02200,2004,SP,1,CETESB,Rio Piraí
-47.083611,-23.24,1042,IRIS02250,2004,SP,1,CETESB,Rio Piraí
-47.120278,-23.262222,1043,IRIS02400,2004,SP,1,CETESB,Rio Piraí
-47.176111,-23.256389,1044,IRIS02600,2004,SP,1,CETESB,Rio Piraí
-47.2456,-22.1867,1045,IRIS02900,2004,SP,2,CETESB,Rio Piraí
-39.955031,-18.311678,1046,ITA1C010,2004,ES,1,IEMA,Rio Itaúnas
-39.710419,-18.432953,1047,ITA1C015,2004,ES,1,IEMA,Rio Itaúnas
-40.03444,-18.265037,1048,ITA1E005,2004,ES,1,IEMA,Rio Itaúnas
-45.970833,-23.78,1049,ITAE02900,2004,SP,1,CETESB,Rio Itaguaré
-45.013056,-23.401389,1050,ITAM02950,2004,SP,1,CETESB,Rio Itamambuca
-48.3719,-23.5569,1051,ITAP02800,2004,SP,1,CETESB,Rio Itapetininga
-49.5531,-23.7256,1052,ITAR02500,2004,SP,1,CETESB,Rio Itararé
-41.462921,-21.206025,1053,ITB1C010,2004,ES,1,IEMA,Rio Itabapoana
-41.308799,-21.222092,1054,ITB1C015,2004,ES,1,IEMA,Rio Itabapoana
-41.678956,-21.122782,1055,ITB1E005,2004,ES,1,IEMA,Rio Itabapoana
-41.268706,-20.759443,1056,ITP1C030,2004,ES,1,IEMA,Rio Itapemirim
-41.187509,-20.749451,1057,ITP1D035,2004,ES,1,IEMA,Rio Itapemirim
-41.098381,-20.86377,1058,ITP1D045,2004,ES,1,IEMA,Rio Itapemirim
-40.914599,-20.982193,1059,ITP1D055,2004,ES,1,IEMA,Rio Itapemirim
-41.074623,-20.917886,1060,ITP1E050,2004,ES,1,IEMA,Rio Itapemirim
-41.172816,-20.698712,1061,ITP2C040,2004,ES,1,IEMA,Rio Itapemirim
-40.939114,-20.998751,1062,ITP2C060,2004,ES,1,IEMA,Rio Muqui
-51.763417,-29.953889,1063,JA061,2004,RS,1,FEPAM,Informação não disponível
-52.384583,-29.991556,1064,JA144PD001,2004,RS,1,FEPAM,Informação não disponível
-52.815667,-29.542861,1065,JA144PD117,2004,RS,1,FEPAM,Informação não disponível
-53.418417,-29.923861,1066,JA271VC049,2004,RS,1,FEPAM,Informação não disponível
-53.71125,-29.936889,1067,JA271VC091,2004,RS,1,FEPAM,Rio Vacacaí
-53.368444,-29.800417,1068,JA277VM034,2004,RS,1,FEPAM,Rio Vacacaí-Mirim
-53.284889,-29.707083,1069,JA333,2004,RS,1,FEPAM,Informação não disponível
-52.849611,-28.720167,1070,JA557,2004,RS,1,FEPAM,Informação não disponível
-52.306972,-28.311917,1071,JA703,2004,RS,1,FEPAM,Informação não disponível
-40.562837,-20.642791,1072,JAB1C005,2004,ES,1,IEMA,Rio Jabuti
-40.562833333,-20.641666667,1073,JAB1E005,2004,ES,1,AGERH,Rio Jabuti
-40.543144,-20.637006,1074,JAB1E010,2004,ES,1,IEMA,Rio Conceição
-35.79,-6.35000000000002,1075,JAC01,2004,RN,2,IGARN,Açude Japi II
-40.188665,-20.154661,1076,JAC2C001,2004,ES,1,IEMA,Rio Jacaraípe
-40.199729,-20.148894,1077,JAC2C005,2004,ES,1,IEMA,Rio Jacaraípe
-45.9136,-23.1725,1078,JAGI02900,2004,SP,1,CETESB,Rio Jaguari
-46.2339,-23.2939,1079,JAGJ00200,2004,SP,2,CETESB,Reservatório do Jaguari
-46.023839,-22.898358,1080,JAGR00002,2004,SP,1,CETESB,Rio Jaguari
-46.094722,-22.915,1081,JAGR00005,2004,SP,1,CETESB,Rio Jaguari
-46.543611,-22.908333,1082,JAGR02010,2004,SP,1,CETESB,Rio Jaguari
-46.6097,-22.8767,1083,JAGR02100,2004,SP,1,CETESB,Rio Jaguari
-46.897778,-22.746667,1084,JAGR02200,2004,SP,1,CETESB,Rio Jaguari
-46.971389,-22.712222,1085,JAGR02300,2004,SP,1,CETESB,Rio Jaguari
-47.014167,-22.704167,1086,JAGR02400,2004,SP,1,CETESB,Rio Jaguari
-47.1519,-22.6989,1087,JAGR02500,2004,SP,1,CETESB,Rio Jaguari
-47.2778,-22.6622,1088,JAGR02800,2004,SP,1,CETESB,Rio Jaguari
-47.101667,-21.968611,1089,JAMI02900,2004,SP,1,CETESB,Rio Jaguari-Mirim
-48.0081,-24.6936,1090,JAPI02100,2004,SP,1,CETESB,Rio Jacupiranga
-58.015936,-16.148742,1091,JAU389,2004,MT,1,SEMA,Rio Jauru
-34.870874,-7.14072700000003,1092,JB01,2004,PB,1,SUDEMA,Rio Jaguaribe
-34.858016,-7.13508300000001,1093,JB02,2004,PB,1,SUDEMA,Rio Jaguaribe
-34.829703,-7.124076,1094,JB03,2004,PB,1,SUDEMA,Rio Jaguaribe
-34.847273,-7.099287,1095,JB04,2004,PB,1,SUDEMA,Rio Jaguaribe
-48.2783,-21.8658,1096,JCGU03400,2004,SP,1,CETESB,Rio Jacaré-Guaçu
-48.8325,-21.8258,1097,JCGU03900,2004,SP,1,CETESB,Rio Jacaré-Guaçu
-43.513806,-18.406111,1098,JE001,2004,MG,1,IGAM,Rio Jequitinhonha
-43.516667,-18.12,1099,JE003,2004,MG,1,IGAM,Rio Jequitinhonha
-43.081444,-17.243528,1100,JE005,2004,MG,1,IGAM,Rio Jequitinhonha
-42.398333,-16.657222,1101,JE007,2004,MG,1,IGAM,Rio Jequitinhonha
-42.414861,-16.41,1102,JE009,2004,MG,1,IGAM,Rio Salinas
-42.184722,-16.620833,1103,JE011,2004,MG,1,IGAM,Rio Jequitinhonha
-42.820333,-17.286,1104,JE013,2004,MG,1,IGAM,Rio Araçuaí
-42.462833,-16.945194,1105,JE015,2004,MG,1,IGAM,Rio Araçuaí
-42.077222,-16.850556,1106,JE017,2004,MG,1,IGAM,Rio Araçuaí
-41.756944,-16.596667,1107,JE019,2004,MG,1,IGAM,Rio Jequitinhonha
-41.017778,-16.427889,1108,JE021,2004,MG,1,IGAM,Rio Jequitinhonha
-40.694722,-16.188056,1109,JE023,2004,MG,1,IGAM,Rio Jequitinhonha
-39.964333,-16.005667,1110,JE025,2004,MG,1,IGAM,Rio Jequitinhonha
-37.76072,-7.32628,1111,JEN32,2004,PB,2,SUDEMA,Açude Jenipapeiro (Olho DÁgua)
-56.632056,-15.42325,1112,JGA01,2004,MT,1,SEMA,Rio Jangada
-56.483139,-15.241278,1113,JGA02,2004,MT,1,SEMA,Informação não disponível
-56.384333,-15.207083,1114,JGA03,2004,MT,1,SEMA,Rio Jangada
-46.1592,-23.6489,1115,JNDI00500,2004,SP,2,CETESB,Reservatório do Rio Jundiaí
-48.4417,-22.0789,1116,JPEP03500,2004,SP,1,CETESB,Rio Jacaré-Pepira
-46.6625,-23.3403,1117,JQJU00900,2004,SP,2,CETESB,Reservatório do Juqueri ou Paiva Castro
-41.466389,-19.179167,1118,RD058,2004,MG,1,IGAM,Rio Doce
-41.238611,-19.341111,1119,RD059,2004,MG,1,IGAM,Rio Doce
-41.923306,-20.120278,1120,RD064,2004,MG,1,IGAM,Rio Manhuaçu
-41.169444,-19.4975,1121,RD065,2004,MG,1,IGAM,Rio Manhuaçu
-41.013861,-19.505861,1122,RD067,2004,MG,1,IGAM,Rio Doce
-41.013912,-19.50517,1123,RDC1C005,2004,ES,1,IEMA,Rio Doce
-40.580031,-19.516835,1124,RDC1D020,2004,ES,1,IEMA,Rio Doce
-40.065563,-19.41195,1125,RDC1D025,2004,ES,1,IEMA,Rio Doce
-40.814342,-19.526723,1126,RDC1E010,2004,ES,1,IEMA,Rio Doce
-40.66778,-19.532227,1127,RDC1E015,2004,ES,1,IEMA,Rio Doce
-39.947507,-19.43167,1128,RDC1E030,2004,ES,1,IEMA,Rio Doce
-41.007406,-19.512108,1129,RDC2C007,2004,ES,1,IEMA,Rio Guandu
-40.712562,-19.537418,1130,RDC2C012,2004,ES,1,IEMA,Rio Santa Joana
-46.388611,-23.974722,1131,REIS02900,2004,SP,1,CETESB,Rio Canal Barreiros
-46.4456,-23.7397,1132,RGDE02200,2004,SP,2,CETESB,Reservatório do Rio Grande
-46.033333,-23.768611,1133,RGDE02900,2004,SP,2,CETESB,Reservatório do Rio Grande
-45.429989,-23.657054,1134,RGOA02900,2004,SP,1,CETESB,Rio Lagoa
-39.49102,-5.16595599999999,1135,RIA10,2004,CE,2,COGERH,Açude Riachão
-48.8269,-24.6542,1136,RIBE02500,2004,SP,1,CETESB,Rio Ribeira
-47.8347,-24.4892,1137,RIIG02500,2004,SP,1,CETESB,Rio Ribeira de Iguape
-47.5697,-24.6953,1138,RIIG02900,2004,SP,2,CETESB,Rio Ribeira de Iguape
-45.441389,-23.687778,1139,RIJU02900,2004,SP,1,CETESB,Rio Juqueriquerê
-48.09355,-15.476697,1140,RiodoSal,2004,DF,1,CAESB,Rio do Sal
-47.828073,-15.4962,1141,RioMaranhão,2004,DF,1,CAESB,Rio Maranhão
-47.662561,-15.96207,1142,RioSBartolomeu(BR251),2004,DF,1,CAESB,Rio São Bartolomeu
-47.676439,-15.733875,1143,RioSBartolomeu(DF250),2004,DF,1,CAESB,Rio São Bartolomeu
-47.702046,-15.815461,1144,RioSBartolomeu(jusante),2004,DF,1,CAESB,Rio São Bartolomeu
-47.694213,-15.803735,1145,RioSBartolomeu(montante),2004,DF,1,CAESB,Rio São Bartolomeu
-37.3123,-7.23840000000001,1146,RM52,2004,PB,2,SUDEMA,Açude Riacho das Moças (Matureia)
-40.630392,-19.932046,1147,RMA2C001,2004,ES,1,IEMA,Rio Timbuí
-40.587277,-19.932644,1148,RMA2C005,2004,ES,1,IEMA,Rio Timbuí
-40.42205,-19.935173,1149,RMA2D010,2004,ES,1,IEMA,Rio Fundão
-49.546361,-16.13625,1150,RMP01,2004,GO,1,SEMARH,Informação não disponível
-49.329125,-16.569611,1151,RMP02,2004,GO,1,SEMARH,Informação não disponível
-49.256667,-16.642033,1152,RMP03,2004,GO,1,SEMARH,Rio Meia Ponte
-49.081231,-17.015747,1153,RMP05,2004,GO,1,SEMARH,Rio Meia Ponte
-49.229667,-17.445917,1154,RMP06,2004,GO,1,SEMARH,Rio Meia Ponte
-49.615528,-18.477333,1155,RMP07,2004,GO,1,SEMARH,Rio Meia Ponte
-40.899904,-20.889952,1156,RNS1C005,2004,ES,1,IEMA,Rio Novo
-40.939056,-20.853059,1157,RNS1C010,2004,ES,1,IEMA,Rio Novo
-53.468694,-16.674833,1158,RON54,2004,MT,1,SEMA,Ribeirão da Onça
-49.3761,-20.8094,1159,RPRE02200,2004,SP,2,CETESB,Reservatório do Rio Preto
-45.760951,-23.763221,1160,RUNA02950,2004,SP,1,CETESB,Rio Una
-36.98847,-8.09652,1161,SA07,2004,PB,2,SUDEMA,Açude Santo Antônio (São Sebastião do Umbuzeiro)
-38.04736,-7.48174999999998,1162,SA30,2004,PB,2,SUDEMA,Açude Saco (Nova Olinda)
-45.4169,-23.7569,1163,SAFO00300,2004,SP,1,CETESB,Rio São Francisco
-45.5425,-22.7083,1164,SAGU02100,2004,SP,1,CETESB,Rio Sapucaí Guaçu
-45.691667,-23.777222,1165,SAHI02950,2004,SP,1,CETESB,Rio Saí
-45.7953,-23.3347,1166,SANT00100,2004,SP,2,CETESB,Reservatório Santa Branca
-47.233889,-20.989444,1167,SAPU02050,2004,SP,1,CETESB,Rio Sapucaí
-47.522222,-20.729722,1168,SAPU02200,2004,SP,1,CETESB,Rio Sapucaí
-47.521667,-20.729444,1169,SAPU02250,2004,SP,1,CETESB,Rio Sapucaí
-47.084722,-20.7075,1170,SAPU02270,2004,SP,1,CETESB,Rio Sapucaí
-47.6422,-20.6594,1171,SAPU02300,2004,SP,1,CETESB,Rio Sapucaí
-47.8275,-20.523333,1172,SAPU02400,2004,SP,1,CETESB,Rio Sapucaí
-48.2289,-20.2267,1173,SAPU02800,2004,SP,1,CETESB,Rio Sapucaí
-45.416111,-23.630833,1174,SATO02900,2004,SP,1,CETESB,Rio Santo Antonio
-40.252398,-3.920027,1175,SAV01,2004,CE,2,COGERH,Informação não disponível
-40.267326,-3.38666599999999,1176,SAV02,2004,CE,2,COGERH,São Vicente
-40.274395,-3.38280400000002,1177,SAV03,2004,CE,2,COGERH,São Vicente
-40.280977,-3.37792899999999,1178,SAV04,2004,CE,2,COGERH,São Vicente
-36.66064,-7.47397000000001,1179,SBI14,2004,PB,2,SUDEMA,Açude Serra Branca I (Serra Branca)
-36.68444,-7.48088100000001,1180,SBII15,2004,PB,2,SUDEMA,Açude Serra Branca II (Serra Branca)
-49.0636,-21.0506,1181,SDOM04500,2004,SP,1,CETESB,Ribeirão São Domingos
-46.467861,-20.3325,1182,SF001,2004,MG,1,IGAM,Rio São Francisco
-45.660056,-20.236667,1183,SF002,2004,MG,1,IGAM,Rio São Miguel
-45.715583,-20.171111,1184,SF003,2004,MG,1,IGAM,Rio São Francisco
-45.614,-20.160361,1185,SF004,2004,MG,1,IGAM,Rio Preto
-45.274722,-19.27975,1186,SF005,2004,MG,1,IGAM,Rio São Francisco
-45.105,-19.161917,1187,SF006,2004,MG,1,IGAM,Rio São Francisco
-45.427611,-19.157139,1188,SF007,2004,MG,1,IGAM,Ribeirão Marmelada
-45.475833,-18.719222,1189,SF009,2004,MG,1,IGAM,Ribeirão Sucuriú
-45.56475,-18.678,1190,SF011,2004,MG,1,IGAM,Rio Indaiá
-45.646528,-18.466111,1191,SF013,2004,MG,1,IGAM,Rio Borrachudo
-45.225444,-18.154278,1192,SF015,2004,MG,1,IGAM,Rio São Francisco
-45.462778,-18.109611,1193,SF017,2004,MG,1,IGAM,Rio Abaeté
-44.930056,-17.297222,1194,SF019,2004,MG,1,IGAM,Rio São Francisco
-44.716667,-17.083333,1195,SF021,2004,MG,1,IGAM,Rio Jequitaí
-44.915167,-16.859722,1196,SF023,2004,MG,1,IGAM,Rio São Francisco
-45.065417,-16.370722,1197,SF025,2004,MG,1,IGAM,Rio São Francisco
-44.867833,-15.948861,1198,SF027,2004,MG,1,IGAM,Rio São Francisco
-44.351111,-15.488611,1199,SF029,2004,MG,1,IGAM,Rio São Francisco
-44.090694,-15.100222,1200,SF031,2004,MG,1,IGAM,Rio São Francisco
-43.93,-14.75,1201,SF033,2004,MG,1,IGAM,Rio São Francisco
-37.22644,-7.23853000000003,1202,SF51,2004,PB,2,SUDEMA,Açude São Francisco (Teixeira)
-35.31167,-6.83582999999999,1203,SG03,2004,PB,2,SUDEMA,Açude São Gonçalo (Sousa)
-34.892527,-7.10792900000001,1204,SH01,2004,PB,1,SUDEMA,Rio Sanhauá
-51.194167,-29.776111,1205,SI036PO000,2004,RS,1,FEPAM,Informação não disponível
-51.137778,-29.756667,1206,SI044,2004,RS,1,FEPAM,Informação não disponível
-51.122778,-29.739167,1207,SI048LR000,2004,RS,1,FEPAM,Informação não disponível
-51.083333,-29.730556,1208,SI056,2004,RS,1,FEPAM,Informação não disponível
-50.847778,-29.684722,1209,SI096,2004,RS,1,FEPAM,Informação não disponível
-50.4675,-29.581389,1210,SI121RO040,2004,RS,1,FEPAM,Informação não disponível
-50.279444,-29.723889,1211,SI188,2004,RS,1,FEPAM,Informação não disponível
-38.59558,-7.63141999999999,1212,SI25,2004,PB,2,SUDEMA,Açude Santa Inês (Santa Inês)
-39.281882,-4.40766100000002,1213,SIN14,2004,CE,2,COGERH,Açude Sitios Novos
-50.5189,-20.5086,1214,SJDO02500,2004,SP,1,CETESB,Rio São José dos Dourados
-36.91806,-6.86806000000001,1215,SL44,2004,PB,2,SUDEMA,Açude Santa Luzia (Santa Luzia)
-55.16345,-15.571569,1216,SLO001,2004,MT,1,SEMA,Rio São Lourenço
-54.922164,-15.997844,1217,SLO129,2004,MT,1,SEMA,
-54.6725,-16.479581,1218,SLO253,2004,MT,1,SEMA,Rio Vermelho
-37.072,-6.93175000000002,1219,SM43,2004,PB,2,SUDEMA,Açude São Mamede (são Mamede)
-39.877782,-18.709172,1220,SMT1D020,2004,ES,1,IEMA,Rio São Mateus
-39.85417,-18.711676,1221,SMT1D025,2004,ES,1,IEMA,Rio São Mateus
-40.335556,-18.726393,1222,SMT2D005,2004,ES,1,IEMA,Rio São Mateus
-40.17695,-18.673338,1223,SMT2D010,2004,ES,1,IEMA,Rio São Mateus
-40.113343,-18.627224,1224,SMT2E015,2004,ES,1,IEMA,Rio São Mateus
-40.764208,-20.051842,1225,SMV1C001,2004,ES,1,IEMA,Rio Santa Maria da Vitória
-40.729682,-20.038109,1226,SMV1C003,2004,ES,1,IEMA,Rio Santa Maria da Vitória
-40.539951,-20.095594,1227,SMV1C007,2004,ES,1,IEMA,Rio Santa Maria da Vitória
-40.517763,-20.101252,1228,SMV1C015,2004,ES,1,IEMA,Rio Santa Maria da Vitória
-34.872612,-6.96511299999997,1229,SO01,2004,PB,1,SUDEMA,Rio Soé (Guia)
-36.36194,-7.06083000000001,1230,SO47,2004,PB,2,SUDEMA,Açude Soledade (Soledade)
-40.425899,-5.91861,1231,SOB01,2004,CE,2,COGERH,Informação não disponível
-40.428202,-5.91157700000002,1232,SOB02,2004,CE,2,COGERH,Informação não disponível
-40.426383,-5.91370699999999,1233,SOB03,2004,CE,2,COGERH,Informação não disponível
-40.36354,-3.64993399999997,1234,SOB04,2004,CE,2,COGERH,Sobral
-47.2956,-23.6072,1235,SOIT02100,2004,SP,2,CETESB,Reservatório Itupararanga
-47.3978,-23.6117,1236,SOIT02900,2004,SP,2,CETESB,Reservatório Itupararanga
-47.4439,-23.4783,1237,SORO02100,2004,SP,1,CETESB,Rio Sorocaba
-47.48,-23.4083,1238,SORO02200,2004,SP,1,CETESB,Rio Sorocaba
-47.7964,-23.1725,1239,SORO02700,2004,SP,1,CETESB,Rio Sorocaba
-47.8197,-23.0228,1240,SORO02900,2004,SP,1,CETESB,Rio Sorocaba
-37.08417,-7.69499999999999,1241,SP10,2004,PB,2,SUDEMA,Açude São Paulo (Prata)
-51.8908,-22.0236,1242,STAN02700,2004,SP,1,CETESB,Rio Santo Anastácio
-51.5767,-22.1506,1243,STAN04400,2004,SP,1,CETESB,Rio Santo Anastácio
-36.89639,-7.67361,1244,SU13,2004,PB,2,SUDEMA,Açude Sumé (Sumé)
-38.52311,-7.54996999999997,1245,SV23,2004,PB,2,SUDEMA,Açude Serra Vermelha (Conceição)
-51.730667,-29.929222,1246,TA004,2004,RS,1,FEPAM,Informação não disponível
-51.979861,-29.511639,1247,TA077,2004,RS,1,FEPAM,Informação não disponível
-51.851778,-29.226417,1248,TA133,2004,RS,1,FEPAM,Informação não disponível
-51.638056,-29.088556,1249,TA196,2004,RS,1,FEPAM,Informação não disponível
-51.395889,-29.057528,1250,TA265,2004,RS,1,FEPAM,Informação não disponível
-51.366806,-29.012556,1251,TA275,2004,RS,1,FEPAM,Informação não disponível
-50.429861,-28.800917,1252,TA451,2004,RS,1,FEPAM,Informação não disponível
-49.981917,-28.783583,1253,TA491,2004,RS,1,FEPAM,Informação não disponível
-46.290833,-23.571667,1254,TAIA02800,2004,SP,2,CETESB,Reservatório Taiaçupeba
-46.5442,-23.6106,1255,TAMT04500,2004,SP,1,CETESB,Rio Tamanduateí
-46.6322,-23.5267,1256,TAMT04900,2004,SP,1,CETESB,Rio Tamanduateí
-48.9172,-23.9742,1257,TAQR02400,2004,SP,1,CETESB,Rio Taquari
-47.3525,-22.66,1258,TATU04850,2004,SP,1,CETESB,Ribeirão Tatu
-45.078611,-23.445,1259,TAVE02950,2004,SP,1,CETESB,Rio Lagoa ou Tavares
-37.82581,-7.55838999999997,1260,TB54,2004,PB,2,SUDEMA,Açude Timbauba (Juru)
-49.9011,-22.0611,1261,TBIR03300,2004,SP,1,CETESB,Rio Tibiriçá
-39.514741,-3.972916,1262,TEJ02,2004,CE,2,COGERH,Tejuçuoca
-39.524359,-3.96996100000001,1263,TEJ03,2004,CE,2,COGERH,Tejuçuoca
-39.531591,-3.96686299999999,1264,TEJ04,2004,CE,2,COGERH,Tejuçuoca
-47.3664,-21.9533,1265,TELA02700,2004,SP,1,CETESB,Córrego Batistela
-47.3581,-21.9417,1266,TELA02900,2004,SP,1,CETESB,Córrego Batistela
-34.872697,-7.08584000000002,1267,TG01,2004,PB,1,SUDEMA,Tambiá Grande
-46.4597,-23.3772,1268,TGDE00900,2004,SP,2,CETESB,Reservatório de Tanque Grande
-48.3478,-22.6128,1269,TIBB02100,2004,SP,2,CETESB,Reservatório de Barra Bonita
-48.4467,-22.5442,1270,TIBB02700,2004,SP,2,CETESB,Reservatório de Barra Bonita
-48.2517,-22.6781,1271,TIBT02500,2004,SP,1,CETESB,Braço do Rio Tietê
-46.9114,-23.4575,1272,TIES04900,2004,SP,2,CETESB,Reservatório Edgard de Souza
-46.0158,-23.565,1273,TIET02050,2004,SP,1,CETESB,Rio Tietê
-46.1358,-23.5486,1274,TIET02090,2004,SP,1,CETESB,Rio Tietê
-47.3356,-23.2003,1275,TIET02350,2004,SP,1,CETESB,Rio Tietê
-47.6781,-23.0867,1276,TIET02400,2004,SP,1,CETESB,Rio Tietê
-47.8206,-22.9572,1277,TIET02450,2004,SP,1,CETESB,Rio Tietê
-48.546111,-22.507222,1278,TIET02500,2004,SP,1,CETESB,Rio Tietê
-48.994167,-21.758611,1279,TIET02600,2004,SP,1,CETESB,Rio Tietê
-49.795,-21.296944,1280,TIET02700,2004,SP,1,CETESB,Rio Tietê
-46.3369,-23.5031,1281,TIET03120,2004,SP,1,CETESB,Rio Tietê
-46.6661,-23.4767,1282,TIET04150,2004,SP,1,CETESB,Rio Tietê
-46.5592,-23.5253,1283,TIET04170,2004,SP,1,CETESB,Rio Tietê
-46.6311,-23.5217,1284,TIET04180,2004,SP,1,CETESB,Rio Tietê
-46.7464,-23.5197,1285,TIET04200,2004,SP,1,CETESB,Rio Tietê
-47.173333,-22.810833,1286,TIJU02900,2004,SP,1,CETESB,Ribeirão Tijuco Preto
-47.3975,-22.1964,1287,TINO03600,2004,SP,1,CETESB,Córrego Constantino
-46.9961,-23.3939,1288,TIPI04900,2004,SP,2,CETESB,Reservatório de Pirapora
-47.0306,-23.3856,1289,TIRG02900,2004,SP,2,CETESB,Reservatório de Rasgão
-50.4675,-21.0483,1290,TITR02100,2004,SP,2,CETESB,Reservatório de Três Irmãos
-51.1467,-20.6597,1291,TITR02800,2004,SP,2,CETESB,Reservatório de Três Irmãos
-45.368333,-23.819444,1292,TOCA02900,2004,SP,1,CETESB,Córrego das Tocas
-47.445,-22.737222,1293,TOLE03900,2004,SP,1,CETESB,Ribeirão dos Toledos
-37.48415,-6.24468999999999,1294,TP36,2004,PB,2,SUDEMA,Açude Tapera (Belém do Brejo do Cruz)
-36.018556,-6.19422200000002,1295,TRA01,2004,RN,2,IGARN,Açude Inharé
-36.032652,-6.22459099999998,1296,TRA02,2004,RN,2,IGARN,Açude Santa Cruz
-47.209444,-22.6575,1297,TREB02950,2004,SP,1,CETESB,Ribeirão Três Barras
-49.1036,-20.7417,1298,TURV02500,2004,SP,1,CETESB,Rio Turvo
-49.2669,-20.4178,1299,TURV02800,2004,SP,1,CETESB,Rio Turvo
-37.9122,-7.59338000000002,1300,TV56,2004,PB,2,SUDEMA,Açude Tavares (Tavares)
-46.417528,-15.616389,1301,UR001,2004,MG,1,IGAM,Rio Urucuia
-45.9025,-16.1325,1302,UR007,2004,MG,1,IGAM,Rio Urucuia
-45.985667,-16.57125,1303,UR009,2004,MG,1,IGAM,Ribeirão das Almas
-54.300958,-16.196314,1304,VEM015,2004,MT,1,SEMA,Rio Vermelho
-54.790964,-16.529733,1305,VEM111,2004,MT,1,SEMA,Rio Vermelho
-43.690833,-16.781667,1306,VG001,2004,MG,1,IGAM,Rio Verde Grande
-43.742861,-16.604694,1307,VG003,2004,MG,1,IGAM,Ribeirão dos Vieiras ou Rio dos Vieiras
-43.785,-16.211111,1308,VG004,2004,MG,1,IGAM,Rio Verde Grande
-43.674611,-15.3415,1309,VG005,2004,MG,1,IGAM,Rio Verde Grande
-43.3125,-15.772778,1310,VG007,2004,MG,1,IGAM,Rio Gorutuba
-43.325,-15.233333,1311,VG009,2004,MG,1,IGAM,Rio Gorutuba
-43.5,-14.922528,1312,VG011,2004,MG,1,IGAM,Rio Verde Grande
-36.35358,-6.42964000000001,1313,VG59,2004,PB,2,SUDEMA,Açude Várzea Grande (Picuí)
-50.3106,-21.3103,1314,XOTE02500,2004,SP,1,CETESB,Córrego do Baixote
-53.473025,-15.367975,1315,ZZMT10,2004,MT,1,SEMA,Rio das Mortes
-54.990306,-16.47675,1316,ZZMT36,2004,MT,1,SEMA,Rio São Lourenço
-56.333333,-16.5,1317,ZZMT40,2004,MT,1,SEMA,Rio Jangada
-36.53278,-7.38616999999999,1318,ZZPB02,2004,PB,2,SUDEMA,Açude Namorado (São João do Cariri)
-37.2193,-7.93837000000002,1319,ZZPB03,2004,PB,2,SUDEMA,Açude Pocinhos (Monteiro)
